file,algo,outage,alpha,iter,t_attack,evict_ms,decay1_ms,min_trust,steps,period_ms,n_steps,attack_flag_ms
trial_ZKP_outage1000_ewma1_iter1_1786554155.csv,ZKP,1000,0.1,1,1786554180.3524678,,476.37486457824707,65.61,90 72.9 65.61,349.9242067337036,3,1036.4720821380615
trial_ZKP_outage1000_ewma1_iter2_1786553715.csv,ZKP,1000,0.1,2,1786553742.128816,,335.9041213989258,59.05,90 72.9 65.61 59.05,306.7026933034261,4,1037.431001663208
trial_ZKP_outage1000_ewma1_iter3_1786555270.csv,ZKP,1000,0.1,3,1786555306.299608,,354.9466133117676,65.61,90 81 65.61,359.81452465057373,3,1035.2180004119873
trial_ZKP_outage1000_ewma1_iter4_1786552069.csv,ZKP,1000,0.1,4,1786552094.9176712,,321.0458755493164,59.05,90 72.9 65.61 59.05,313.0822976430257,4,1041.259765625
trial_ZKP_outage1000_ewma1_iter5_1786554202.csv,ZKP,1000,0.1,5,1786554229.155533,,536.3059043884277,59.05,81 65.61 59.05,349.9598503112793,3,1036.231517791748
trial_ZKP_outage1000_ewma3_iter1_1786550910.csv,ZKP,1000,0.3,1,1786550936.3426893,1112.717628479004,412.7309322357178,24.01,70 49 24.01,349.99334812164307,3,1032.7279567718506
trial_ZKP_outage1000_ewma3_iter2_1786550225.csv,ZKP,1000,0.3,2,1786550250.9097404,978.3093929290771,278.4743309020996,16.81,70 34.3 24.01 16.81,306.64269129435223,4,1038.4628772735596
trial_ZKP_outage1000_ewma3_iter3_1786553911.csv,ZKP,1000,0.3,3,1786553937.3423629,1149.39546585083,429.5082092285156,24.01,70 49 24.01,359.9436283111572,3,1029.4530391693115
trial_ZKP_outage1000_ewma3_iter4_1786554695.csv,ZKP,1000,0.3,4,1786554720.309788,1066.1203861236572,606.2860488891602,24.01,49 34.3 24.01,229.91716861724854,3,1026.1471271514893
trial_ZKP_outage1000_ewma3_iter5_1786553518.csv,ZKP,1000,0.3,5,1786553545.2746804,,425.0509738922119,34.3,70 49 34.3,229.96318340301514,3,1045.2766418457031
trial_ZKP_outage1000_ewma5_iter1_1786555623.csv,ZKP,1000,0.5,1,1786555649.4886243,539.3154621124268,299.24535751342773,3.12,50 25 12.5 3.12,313.28852971394855,4,1039.1128063201904
trial_ZKP_outage1000_ewma5_iter2_1786554793.csv,ZKP,1000,0.5,2,1786554819.0783508,542.1419143676758,302.0153045654297,3.12,50 25 6.25 3.12,313.3045832316081,4,1041.9223308563232
trial_ZKP_outage1000_ewma5_iter3_1786556017.csv,ZKP,1000,0.5,3,1786556045.0656471,549.2198467254639,549.2198467254639,3.12,25 12.5 3.12,350.01885890960693,3,1029.8476219177246
trial_ZKP_outage1000_ewma5_iter4_1786555722.csv,ZKP,1000,0.5,4,1786555747.490861,537.6152992248535,298.04134368896484,3.12,50 25 12.5 3.12,313.10129165649414,4,1037.4939441680908
trial_ZKP_outage1000_ewma5_iter5_1786552559.csv,ZKP,1000,0.5,5,1786552584.2331886,589.7483825683594,349.7467041015625,3.12,50 25 12.5 6.25 3.12,235.05115509033203,5,1030.3294658660889
trial_ZKP_outage250_ewma1_iter1_1786552510.csv,ZKP,250,0.1,1,1786552536.5686831,,330.80458641052246,90.0,90,,1,270.68400382995605
trial_ZKP_outage250_ewma1_iter2_1786552755.csv,ZKP,250,0.1,2,1786552781.2885213,,310.22047996520996,90.0,90,,1,270.09010314941406
trial_ZKP_outage250_ewma1_iter3_1786554891.csv,ZKP,250,0.1,3,1786554920.0536475,,397.1564769744873,90.0,90,,1,277.1737575531006
trial_ZKP_outage250_ewma1_iter4_1786552804.csv,ZKP,250,0.1,4,1786552829.0616004,,472.83220291137695,90.0,90,,1,272.8390693664551
trial_ZKP_outage250_ewma1_iter5_1786550861.csv,ZKP,250,0.1,5,1786550888.344283,,457.40294456481934,90.0,90,,1,278.1386375427246
trial_ZKP_outage250_ewma3_iter1_1786551400.csv,ZKP,250,0.3,1,1786551425.639388,,335.95800399780273,70.0,70,,1,275.80928802490234
trial_ZKP_outage250_ewma3_iter2_1786551352.csv,ZKP,250,0.3,2,1786551377.7752533,,507.77387619018555,70.0,70,,1,267.775297164917
trial_ZKP_outage250_ewma3_iter3_1786551989.csv,ZKP,250,0.3,3,1786552014.0960371,,414.48378562927246,70.0,70,,1,274.1725444793701
trial_ZKP_outage250_ewma3_iter4_1786550323.csv,ZKP,250,0.3,4,1786550350.791565,,298.8455295562744,70.0,70,,1,258.8326930999756
trial_ZKP_outage250_ewma3_iter5_1786554010.csv,ZKP,250,0.3,5,1786554034.9279592,,414.5016670227051,70.0,70,,1,273.33641052246094
trial_ZKP_outage250_ewma5_iter1_1786552117.csv,ZKP,250,0.5,1,1786552142.8953803,,290.53187370300293,50.0,50,,1,271.0003852844238
trial_ZKP_outage250_ewma5_iter2_1786552165.csv,ZKP,250,0.5,2,1786552190.9671533,,391.06297492980957,50.0,50,,1,271.46458625793457
trial_ZKP_outage250_ewma5_iter3_1786556117.csv,ZKP,250,0.5,3,1786556143.108632,,482.4352264404297,50.0,50,,1,283.01286697387695
trial_ZKP_outage250_ewma5_iter4_1786550485.csv,ZKP,250,0.5,4,1786550510.7991307,,345.0584411621094,50.0,50,,1,265.20562171936035
trial_ZKP_outage250_ewma5_iter5_1786554448.csv,ZKP,250,0.5,5,1786554474.5274365,,567.6014423370361,75.0,75,,1,267.75455474853516
trial_ZKP_outage3000_ewma1_iter1_1786550533.csv,ZKP,3000,0.1,1,1786550558.3249261,2857.827663421631,297.7602481842041,28.24,90 81 72.9 65.61 53.14 47.83 43.05 34.87 31.38 28.24,284.4519350263808,10,3037.853717803955
trial_ZKP_outage3000_ewma1_iter2_1786550079.csv,ZKP,3000,0.1,2,1786550104.758667,3011.2314224243164,451.1909484863281,28.24,90 81 72.9 65.61 53.14 47.83 43.05 38.74 34.87 28.24,284.44894154866535,10,3011.2314224243164
trial_ZKP_outage3000_ewma1_iter3_1786552657.csv,ZKP,3000,0.1,3,1786552683.0946827,3263.371706008911,463.6678695678711,25.42,90 81 65.61 59.05 53.14 43.05 38.74 34.87 31.38 25.42,311.07820404900446,10,3023.8771438598633
trial_ZKP_outage3000_ewma1_iter4_1786552311.csv,ZKP,3000,0.1,4,1786552337.3669152,2996.5028762817383,436.52844429016113,25.42,90 81 65.61 59.05 53.14 47.83 43.05 38.74 34.87 31.38 28.24 25.42,254.5446916060014,12,3036.5917682647705
trial_ZKP_outage3000_ewma1_iter5_1786552851.csv,ZKP,3000,0.1,5,1786552876.5103405,2846.378803253174,266.33238792419434,25.42,90 81 72.9 65.61 59.05 47.83 43.05 38.74 31.38 28.24 25.42,282.0162534713745,11,3026.3564586639404
trial_ZKP_outage3000_ewma3_iter1_1786552996.csv,ZKP,3000,0.3,1,1786553022.1762109,1050.1282215118408,330.1434516906738,0.97,70 49 34.3 24.01 16.81 11.76 8.24 5.76 4.04 2.82 1.38 0.97,256.3975507562811,12,3030.7769775390625
trial_ZKP_outage3000_ewma3_iter2_1786551206.csv,ZKP,3000,0.3,2,1786551231.379643,1139.4646167755127,438.8701915740967,0.97,70 49 34.3 24.01 16.81 11.76 5.76 4.04 2.82 1.38 0.97,280.000901222229,11,3018.5482501983643
trial_ZKP_outage3000_ewma3_iter3_1786551108.csv,ZKP,3000,0.3,3,1786551133.576583,1131.601095199585,431.52546882629395,0.97,70 34.3 24.01 16.81 8.24 4.04 1.98 1.38 0.97,349.992573261261,9,3031.43310546875
trial_ZKP_outage3000_ewma3_iter4_1786551692.csv,ZKP,3000,0.3,4,1786551720.0364995,1132.6398849487305,433.8538646697998,0.97,70 49 24.01 16.81 8.24 5.76 4.04 1.98 1.38 0.97,311.14986207750104,10,3012.6585960388184
trial_ZKP_outage3000_ewma3_iter5_1786555072.csv,ZKP,3000,0.3,5,1786555098.7407532,1145.9298133850098,425.6408214569092,0.97,70 49 34.3 24.01 16.81 11.76 5.76 2.82 1.38 0.97,313.3232328626845,10,3025.7909297943115
trial_ZKP_outage3000_ewma5_iter1_1786550664.csv,ZKP,3000,0.5,1,1786550690.7204432,593.4195518493652,374.33862686157227,0.02,50 25 12.5 3.12 1.56 0.78 0.2 0.1 0.05 0.02,284.4403584798177,10,3014.110565185547
trial_ZKP_outage3000_ewma5_iter2_1786551841.csv,ZKP,3000,0.5,2,1786551866.5885854,786.9775295257568,306.46705627441406,0.01,50 12.5 6.25 3.12 0.78 0.2 0.05 0.02 0.01,352.4894416332245,9,3026.9789695739746
trial_ZKP_outage3000_ewma5_iter3_1786554251.csv,ZKP,3000,0.5,3,1786554276.3794134,526.3655185699463,286.5028381347656,0.01,50 25 6.25 3.12 1.56 0.78 0.2 0.1 0.05 0.02 0.01,282.10575580596924,11,3026.95369720459
trial_ZKP_outage3000_ewma5_iter4_1786553618.csv,ZKP,3000,0.5,4,1786553643.1899607,536.8313789367676,296.91410064697266,0.01,50 25 12.5 3.12 1.56 0.78 0.39 0.2 0.1 0.05 0.01,281.87334537506104,11,3035.706043243408
trial_ZKP_outage3000_ewma5_iter5_1786552213.csv,ZKP,3000,0.5,5,1786552238.59806,704.3249607086182,464.25604820251465,0.01,50 25 6.25 3.12 0.78 0.2 0.1 0.02 0.01,349.9843180179596,9,3024.5916843414307
trial_ZKP_outage5000_ewma1_iter1_1786553226.csv,ZKP,5000,0.1,1,1786553251.4800441,2954.618453979492,614.546537399292,9.85,81 72.9 65.61 53.14 47.83 43.05 38.74 34.87 31.38 28.24 22.88 20.59 18.53 15.01 13.51 12.16 9.85,292.5049215555191,17,5054.597616195679
trial_ZKP_outage5000_ewma1_iter2_1786551448.csv,ZKP,5000,0.1,2,1786551473.4958317,2988.567352294922,428.4853935241699,12.16,90 81 72.9 65.61 53.14 47.83 43.05 34.87 31.38 28.24 22.88 20.59 18.53 15.01 13.51 12.16,296.0046927134196,16,5028.677225112915
trial_ZKP_outage5000_ewma1_iter3_1786554057.csv,ZKP,5000,0.1,3,1786554082.5842297,3233.9184284210205,434.0682029724121,10.94,90 81 72.9 65.61 59.05 53.14 47.83 43.05 38.74 34.87 31.38 25.42 22.88 20.59 16.68 15.01 13.51 10.94,274.14470560410444,18,5054.539918899536
trial_ZKP_outage5000_ewma1_iter4_1786555918.csv,ZKP,5000,0.1,4,1786555945.0239289,3023.0748653411865,442.20542907714844,10.94,90 81 65.61 59.05 53.14 47.83 38.74 34.87 28.24 25.42 22.88 18.53 16.68 15.01 12.16 10.94,312.0023727416992,16,5063.0388259887695
trial_ZKP_outage5000_ewma1_iter5_1786554942.csv,ZKP,5000,0.1,5,1786554967.7521634,2950.512647628784,370.6164360046387,10.94,90 81 72.9 65.61 53.14 47.83 38.74 28.24 25.42 22.88 20.59 16.68 15.01 13.51 10.94,334.28318159920826,15,5031.095743179321
trial_ZKP_outage5000_ewma3_iter1_1786553127.csv,ZKP,5000,0.3,1,1786553153.2697535,1250.10085105896,310.1980686187744,0.04,70 49 34.3 16.81 11.76 8.24 5.76 2.82 1.98 0.97 0.68 0.47 0.23 0.16 0.11 0.06 0.04,307.5002282857895,17,5030.247211456299
trial_ZKP_outage5000_ewma3_iter2_1786554497.csv,ZKP,5000,0.3,2,1786554522.6561918,1069.8421001434326,350.53014755249023,0.08,70 49 34.3 24.01 16.81 11.76 5.76 4.04 2.82 1.38 0.97 0.68 0.33 0.23 0.16 0.08,297.29844729105633,16,5010.194301605225
trial_ZKP_outage5000_ewma3_iter3_1786555171.csv,ZKP,5000,0.3,3,1786555198.0717168,990.7958507537842,530.139684677124,0.04,49 24.01 16.81 11.76 8.24 5.76 4.04 2.82 1.38 0.97 0.68 0.33 0.23 0.16 0.08 0.06 0.04,292.5097644329071,17,5050.257921218872
trial_ZKP_outage5000_ewma3_iter4_1786551594.csv,ZKP,5000,0.3,4,1786551620.1762922,1116.3771152496338,396.3048458099365,0.06,70 34.3 24.01 16.81 8.24 5.76 4.04 2.82 1.38 0.97 0.47 0.23 0.11 0.08 0.06,334.2963286808559,15,5056.092739105225
trial_ZKP_outage5000_ewma3_iter5_1786552410.csv,ZKP,5000,0.3,5,1786552437.4544594,1185.0366592407227,485.1851463317871,0.06,70 49 34.3 24.01 11.76 8.24 5.76 2.82 1.98 0.97 0.47 0.33 0.16 0.11 0.06,334.28018433707103,15,5025.0959396362305
trial_ZKP_outage5000_ewma5_iter1_1786555820.csv,ZKP,5000,0.5,1,1786555845.6087158,646.1083889007568,424.5619773864746,0.0,50 25 6.25 3.12 0.78 0.2 0.1 0.02 0.01 0,389.04253641764325,10,5064.505577087402
trial_ZKP_outage5000_ewma5_iter2_1786550763.csv,ZKP,5000,0.5,2,1786550788.6620264,688.5321140289307,467.5157070159912,0.0,50 25 12.5 3.12 1.56 0.78 0.2 0.1 0.05 0.01 0,326.07760429382324,11,5048.650741577148
trial_ZKP_outage5000_ewma5_iter3_1786554349.csv,ZKP,5000,0.5,3,1786554375.369194,515.4449939727783,275.42686462402344,0.0,50 25 12.5 6.25 1.56 0.78 0.39 0.1 0.05 0.02 0.01 0,298.1912439519709,12,5055.367946624756
trial_ZKP_outage5000_ewma5_iter4_1786551009.csv,ZKP,5000,0.5,4,1786551035.43749,742.1298027038574,282.0169925689697,0.0,50 12.5 6.25 3.12 1.56 0.78 0.39 0.1 0.05 0.02 0.01 0,298.19501530040395,12,5022.045373916626
trial_ZKP_outage5000_ewma5_iter5_1786555525.csv,ZKP,5000,0.5,5,1786555550.3659778,701.7996311187744,701.7996311187744,0.0,25 12.5 6.25 1.56 0.39 0.1 0.05 0.02 0.01 0,337.77009116278754,10,5041.733980178833
trial_ZKP_outage500_ewma1_iter1_1786550437.csv,ZKP,500,0.1,1,1786550462.731431,,475.7275581359863,81.0,90 81,219.76900100708008,2,535.515308380127
trial_ZKP_outage500_ewma1_iter2_1786551792.csv,ZKP,500,0.1,2,1786551818.7898524,,400.68554878234863,82.9,90 82.9,479.63905334472656,2,520.458459854126
trial_ZKP_outage500_ewma1_iter3_1786553324.csv,ZKP,500,0.1,3,1786553350.0757542,,539.4213199615479,72.9,81 72.9,217.8487777709961,2,517.3196792602539
trial_ZKP_outage500_ewma1_iter4_1786550177.csv,ZKP,500,0.1,4,1786550203.0298455,,450.57010650634766,81.0,90 81,240.00048637390137,2,530.5783748626709
trial_ZKP_outage500_ewma1_iter5_1786553372.csv,ZKP,500,0.1,5,1786553397.6085274,,467.3810005187988,81.0,90 81,240.07368087768555,2,527.2228717803955
trial_ZKP_outage500_ewma3_iter1_1786553764.csv,ZKP,500,0.3,1,1786553790.73152,,387.3889446258545,49.0,70 49,218.17350387573242,2,525.6750583648682
trial_ZKP_outage500_ewma3_iter2_1786551939.csv,ZKP,500,0.3,2,1786551966.624935,,659.1477394104004,49.0,49,,1,518.927812576294
trial_ZKP_outage500_ewma3_iter3_1786551304.csv,ZKP,500,0.3,3,1786551329.8287227,,509.87744331359863,49.0,70 49,220.04294395446777,2,530.5984020233154
trial_ZKP_outage500_ewma3_iter4_1786551546.csv,ZKP,500,0.3,4,1786551572.2794006,,372.44462966918945,64.3,70 64.3,459.93733406066895,2,532.4981212615967
trial_ZKP_outage500_ewma3_iter5_1786552949.csv,ZKP,500,0.3,5,1786552974.2482703,,575.098991394043,49.0,49,,1,515.0229930877686
trial_ZKP_outage500_ewma5_iter1_1786554595.csv,ZKP,500,0.5,1,1786554622.5119562,630.7363510131836,390.5613422393799,25.0,50 25,240.1750087738037,2,530.350923538208
trial_ZKP_outage500_ewma5_iter2_1786555427.csv,ZKP,500,0.5,2,1786555452.6530197,629.9004554748535,389.82558250427246,25.0,50 25,240.07487297058105,2,530.4474830627441
trial_ZKP_outage500_ewma5_iter3_1786553420.csv,ZKP,500,0.5,3,1786553445.3805394,647.0687389373779,407.1238040924072,25.0,50 25,239.9449348449707,2,527.1568298339844
trial_ZKP_outage500_ewma5_iter4_1786553813.csv,ZKP,500,0.5,4,1786553838.825935,681.448221206665,461.3826274871826,25.0,50 25,220.06559371948242,2,521.4853286743164
trial_ZKP_outage500_ewma5_iter5_1786555328.csv,ZKP,500,0.5,5,1786555355.0670493,680.4490089416504,680.4490089416504,25.0,25,,1,540.3990745544434
