timestamp,node,algorithm,cycle,exec_time_ms,trust_score
1786388923.5268447,CRYPTO_NODE,ZKP,0,334.86,100.0
1786388923.5341809,CRYPTO_NODE,ZKP,1,334.55,100.0
1786388923.5401382,CRYPTO_NODE,ZKP,2,334.92,100.0
1786388923.5457194,CRYPTO_NODE,ZKP,3,334.76,100.0
1786388923.5515168,CRYPTO_NODE,ZKP,4,334.52,100.0
1786388923.5573118,CRYPTO_NODE,ZKP,5,334.57,100.0
1786388923.56315,CRYPTO_NODE,ZKP,6,334.5,100.0
1786388923.5686553,CRYPTO_NODE,ZKP,7,334.52,100.0
1786388923.6755788,CRYPTO_NODE,ZKP,8,334.38,100.0
1786388923.9832122,CRYPTO_NODE,ZKP,9,334.77,100.0
1786388924.2907937,CRYPTO_NODE,ZKP,10,334.47,100.0
1786388924.6228113,CRYPTO_NODE,ZKP,11,334.8,100.0
1786388924.9676318,CRYPTO_NODE,ZKP,12,334.5,100.0
1786388925.3101325,CRYPTO_NODE,ZKP,13,334.4,100.0
1786388925.652949,CRYPTO_NODE,ZKP,14,334.82,100.0
1786388925.776222,CRYPTO_NODE,ECC,0,111.59,100.0
1786388925.8972747,CRYPTO_NODE,ECC,1,111.51,100.0
1786388926.0202484,CRYPTO_NODE,ECC,2,111.56,100.0
1786388926.1413825,CRYPTO_NODE,ECC,3,111.56,100.0
1786388926.263959,CRYPTO_NODE,ECC,4,111.49,100.0
1786388926.386198,CRYPTO_NODE,ECC,5,111.52,100.0
1786388926.507984,CRYPTO_NODE,ECC,6,111.6,100.0
1786388926.6285527,CRYPTO_NODE,ECC,7,111.62,100.0
1786388926.7520766,CRYPTO_NODE,ECC,8,111.46,100.0
1786388926.8733835,CRYPTO_NODE,ECC,9,111.69,100.0
1786388926.9959545,CRYPTO_NODE,ECC,10,111.61,100.0
1786388927.119065,CRYPTO_NODE,ECC,11,111.64,100.0
1786388927.2401361,CRYPTO_NODE,ECC,12,111.61,100.0
1786388927.3615713,CRYPTO_NODE,ECC,13,111.52,100.0
1786388927.484625,CRYPTO_NODE,ECC,14,111.51,100.0
1786388927.605954,CRYPTO_NODE,ECC,15,111.51,100.0
1786388927.8182573,CRYPTO_NODE,ECC,16,111.58,100.0
1786388927.9261563,CRYPTO_NODE,ECC,17,111.5,100.0
1786388928.03262,CRYPTO_NODE,ECC,18,111.34,100.0
1786388928.139489,CRYPTO_NODE,ECC,19,111.6,100.0
1786388928.2462115,CRYPTO_NODE,ECC,20,111.5,100.0
1786388928.3535898,CRYPTO_NODE,ECC,21,111.6,100.0
1786388928.461548,CRYPTO_NODE,ECC,22,111.48,100.0
1786388928.5812187,CRYPTO_NODE,ECC,23,111.64,100.0
1786388928.8000593,CRYPTO_NODE,ECC,24,111.34,100.0
1786388928.9068584,CRYPTO_NODE,ECC,25,111.48,100.0
1786388929.0135534,CRYPTO_NODE,ECC,26,111.6,100.0
1786388929.120099,CRYPTO_NODE,ECC,27,111.67,100.0
1786388929.2278705,CRYPTO_NODE,ECC,28,111.44,100.0
1786388929.3347778,CRYPTO_NODE,ECC,29,111.46,100.0
1786388929.4411907,CRYPTO_NODE,ECC,30,111.51,100.0
1786388929.5560315,CRYPTO_NODE,ECC,31,111.5,100.0
1786388929.7690618,CRYPTO_NODE,ECC,32,111.5,100.0
1786388929.8766525,CRYPTO_NODE,ECC,33,111.47,100.0
1786388929.983767,CRYPTO_NODE,ECC,34,111.57,100.0
1786388930.0903366,CRYPTO_NODE,ECC,35,111.39,100.0
1786388930.196376,CRYPTO_NODE,ECC,36,111.5,100.0
1786388930.303772,CRYPTO_NODE,ECC,37,111.51,100.0
1786388930.4112403,CRYPTO_NODE,ECC,38,111.67,100.0
1786388930.5310116,CRYPTO_NODE,ECC,39,111.56,100.0
1786388930.6518152,CRYPTO_NODE,ECC,40,111.36,100.0
1786388930.7735646,CRYPTO_NODE,ECC,41,111.31,100.0
1786388930.8945222,CRYPTO_NODE,ECC,42,111.42,100.0
1786388931.0166993,CRYPTO_NODE,ECC,43,111.42,100.0
1786388931.1372216,CRYPTO_NODE,ECC,44,111.55,100.0
1786388931.2579377,CRYPTO_NODE,ECC,45,111.51,100.0
1786388931.3817658,CRYPTO_NODE,ECC,46,111.58,100.0
1786388931.5041275,CRYPTO_NODE,ECC,47,111.62,100.0
1786388931.6240313,CRYPTO_NODE,ECC,48,111.5,100.0
1786388931.7470746,CRYPTO_NODE,ECC,49,111.52,100.0
1786388931.868278,CRYPTO_NODE,ECC,50,111.43,100.0
1786388931.9895062,CRYPTO_NODE,ECC,51,111.38,100.0
1786388932.111354,CRYPTO_NODE,ECC,52,111.55,100.0
1786388932.232374,CRYPTO_NODE,ECC,53,111.56,100.0
1786388932.3539612,CRYPTO_NODE,ECC,54,111.57,100.0
1786388932.476278,CRYPTO_NODE,ECC,55,111.47,100.0
1786388932.5977726,CRYPTO_NODE,ECC,56,111.46,100.0
1786388932.8085768,CRYPTO_NODE,ECC,57,111.58,100.0
1786388932.9154196,CRYPTO_NODE,ECC,58,111.59,100.0
1786388933.0226808,CRYPTO_NODE,ECC,59,111.76,100.0
1786388933.1302104,CRYPTO_NODE,ECC,60,111.55,100.0
1786388933.2380545,CRYPTO_NODE,ECC,61,111.49,100.0
1786388933.3450744,CRYPTO_NODE,ECC,62,111.52,100.0
1786388933.4518878,CRYPTO_NODE,ECC,63,111.56,100.0
1786388933.5734067,CRYPTO_NODE,ECC,64,111.59,100.0
1786388933.7869964,CRYPTO_NODE,ECC,65,111.33,100.0
1786388933.8938544,CRYPTO_NODE,ECC,66,111.57,100.0
1786388934.0008178,CRYPTO_NODE,ECC,67,111.51,100.0
1786388934.1085806,CRYPTO_NODE,ECC,68,111.51,100.0
1786388934.2162492,CRYPTO_NODE,ECC,69,111.57,100.0
1786388934.3230467,CRYPTO_NODE,ECC,70,111.53,100.0
1786388934.4298143,CRYPTO_NODE,ECC,71,111.39,100.0
1786388934.5470638,CRYPTO_NODE,ECC,72,111.37,100.0
1786388934.7643058,CRYPTO_NODE,ECC,73,111.52,100.0
1786388934.8717003,CRYPTO_NODE,ECC,74,111.61,100.0
1786388934.9786325,CRYPTO_NODE,ECC,75,111.34,100.0
1786388935.0861192,CRYPTO_NODE,ECC,76,111.48,100.0
1786388935.193614,CRYPTO_NODE,ECC,77,111.57,100.0
1786388935.3001654,CRYPTO_NODE,ECC,78,111.47,100.0
1786388935.407768,CRYPTO_NODE,ECC,79,111.61,100.0
1786388935.5196304,CRYPTO_NODE,ECC,80,111.57,100.0
1786388938.5730994,CRYPTO_NODE,ECC,81,111.84,100.0
1786388946.6019754,CRYPTO_NODE,ZKP,0,334.74,100.0
1786388946.608682,CRYPTO_NODE,ZKP,1,334.69,100.0
1786388946.614348,CRYPTO_NODE,ZKP,2,334.75,100.0
1786388946.6200013,CRYPTO_NODE,ZKP,3,334.6,100.0
1786388946.6255014,CRYPTO_NODE,ZKP,4,334.42,100.0
1786388946.63099,CRYPTO_NODE,ZKP,5,334.73,100.0
1786388946.636679,CRYPTO_NODE,ZKP,6,334.93,100.0
1786388946.7436497,CRYPTO_NODE,ZKP,7,334.73,100.0
1786388946.8511293,CRYPTO_NODE,ZKP,8,334.54,100.0
1786388947.0112853,CRYPTO_NODE,ZKP,9,334.76,100.0
1786388947.35377,CRYPTO_NODE,ZKP,10,334.62,100.0
1786388947.6966581,CRYPTO_NODE,ZKP,11,334.64,100.0
1786388948.0403082,CRYPTO_NODE,ZKP,12,334.47,100.0
1786388948.3833263,CRYPTO_NODE,ZKP,13,334.49,100.0
1786388948.7265244,CRYPTO_NODE,ZKP,14,334.59,100.0
1786388948.936093,CRYPTO_NODE,ECC,0,111.37,100.0
1786388949.0434384,CRYPTO_NODE,ECC,1,111.49,100.0
1786388949.1505358,CRYPTO_NODE,ECC,2,111.6,100.0
1786388949.2576644,CRYPTO_NODE,ECC,3,111.63,100.0
1786388949.3643227,CRYPTO_NODE,ECC,4,111.46,100.0
1786388949.4716454,CRYPTO_NODE,ECC,5,111.4,100.0
1786388949.5806167,CRYPTO_NODE,ECC,6,111.59,100.0
1786388949.7013655,CRYPTO_NODE,ECC,7,111.59,100.0
1786388949.824442,CRYPTO_NODE,ECC,8,111.72,100.0
1786388949.9461467,CRYPTO_NODE,ECC,9,111.62,100.0
1786388950.0683308,CRYPTO_NODE,ECC,10,111.56,100.0
1786388950.1909964,CRYPTO_NODE,ECC,11,111.52,100.0
1786388950.3135338,CRYPTO_NODE,ECC,12,111.74,100.0
1786388950.436058,CRYPTO_NODE,ECC,13,111.54,100.0
1786388950.5568223,CRYPTO_NODE,ECC,14,111.49,100.0
1786388950.6791127,CRYPTO_NODE,ECC,15,111.49,100.0
1786388950.8922875,CRYPTO_NODE,ECC,16,111.58,100.0
1786388950.999063,CRYPTO_NODE,ECC,17,111.34,100.0
1786388951.1059537,CRYPTO_NODE,ECC,18,111.63,100.0
1786388951.213025,CRYPTO_NODE,ECC,19,111.54,100.0
1786388951.32013,CRYPTO_NODE,ECC,20,111.54,100.0
1786388951.4276605,CRYPTO_NODE,ECC,21,111.59,100.0
1786388951.5342474,CRYPTO_NODE,ECC,22,111.52,100.0
1786388951.6538568,CRYPTO_NODE,ECC,23,111.44,100.0
1786388951.8650987,CRYPTO_NODE,ECC,24,111.54,100.0
1786388951.972491,CRYPTO_NODE,ECC,25,111.45,100.0
1786388952.0792813,CRYPTO_NODE,ECC,26,111.57,100.0
1786388952.1866772,CRYPTO_NODE,ECC,27,111.4,100.0
1786388952.2938473,CRYPTO_NODE,ECC,28,111.47,100.0
1786388952.4014885,CRYPTO_NODE,ECC,29,111.47,100.0
1786388952.508998,CRYPTO_NODE,ECC,30,111.45,100.0
1786388952.626899,CRYPTO_NODE,ECC,31,111.4,100.0
1786388952.8384473,CRYPTO_NODE,ECC,32,111.69,100.0
1786388952.9451828,CRYPTO_NODE,ECC,33,111.55,100.0
1786388953.0527546,CRYPTO_NODE,ECC,34,111.5,100.0
1786388953.159454,CRYPTO_NODE,ECC,35,111.5,100.0
1786388953.2667685,CRYPTO_NODE,ECC,36,111.59,100.0
1786388953.373505,CRYPTO_NODE,ECC,37,111.53,100.0
1786388953.480857,CRYPTO_NODE,ECC,38,111.4,100.0
1786388953.599385,CRYPTO_NODE,ECC,39,111.42,100.0
1786388953.721571,CRYPTO_NODE,ECC,40,111.47,100.0
1786388953.8438597,CRYPTO_NODE,ECC,41,111.54,100.0
1786388953.965193,CRYPTO_NODE,ECC,42,111.49,100.0
1786388954.0861683,CRYPTO_NODE,ECC,43,111.38,100.0
1786388954.2073183,CRYPTO_NODE,ECC,44,111.42,100.0
1786388954.3281918,CRYPTO_NODE,ECC,45,111.4,100.0
1786388954.4503038,CRYPTO_NODE,ECC,46,111.55,100.0
1786388954.572256,CRYPTO_NODE,ECC,47,111.51,100.0
1786388954.693971,CRYPTO_NODE,ECC,48,111.52,100.0
1786388954.8157177,CRYPTO_NODE,ECC,49,111.57,100.0
1786388954.9377892,CRYPTO_NODE,ECC,50,111.58,100.0
1786388955.0608144,CRYPTO_NODE,ECC,51,111.62,100.0
1786388955.181962,CRYPTO_NODE,ECC,52,111.53,100.0
1786388955.303158,CRYPTO_NODE,ECC,53,111.46,100.0
1786388955.4247158,CRYPTO_NODE,ECC,54,111.46,100.0
1786388955.545276,CRYPTO_NODE,ECC,55,111.51,100.0
1786388955.6669073,CRYPTO_NODE,ECC,56,111.5,100.0
1786388955.8781106,CRYPTO_NODE,ECC,57,111.54,100.0
1786388955.9855735,CRYPTO_NODE,ECC,58,111.58,100.0
1786388956.0923028,CRYPTO_NODE,ECC,59,111.55,100.0
1786388956.1985729,CRYPTO_NODE,ECC,60,111.7,100.0
1786388956.3055434,CRYPTO_NODE,ECC,61,111.47,100.0
1786388956.412108,CRYPTO_NODE,ECC,62,111.61,100.0
1786388956.5196466,CRYPTO_NODE,ECC,63,111.47,100.0
1786388956.640689,CRYPTO_NODE,ECC,64,111.61,100.0
1786388956.8536777,CRYPTO_NODE,ECC,65,111.43,100.0
1786388956.9610517,CRYPTO_NODE,ECC,66,111.64,100.0
1786388957.0694454,CRYPTO_NODE,ECC,67,111.65,100.0
1786388957.1760025,CRYPTO_NODE,ECC,68,111.61,100.0
1786388957.2829168,CRYPTO_NODE,ECC,69,111.45,100.0
1786388957.3897302,CRYPTO_NODE,ECC,70,111.62,100.0
1786388957.4973416,CRYPTO_NODE,ECC,71,111.7,100.0
1786388957.615032,CRYPTO_NODE,ECC,72,111.49,100.0
1786388957.736907,CRYPTO_NODE,ECC,73,111.5,100.0
1786388957.8576944,CRYPTO_NODE,ECC,74,111.41,100.0
1786388957.9796824,CRYPTO_NODE,ECC,75,111.38,100.0
1786388958.1007566,CRYPTO_NODE,ECC,76,111.47,100.0
1786388958.2210388,CRYPTO_NODE,ECC,77,111.65,100.0
1786388958.3438313,CRYPTO_NODE,ECC,78,111.56,100.0
1786388958.4657307,CRYPTO_NODE,ECC,79,111.59,100.0
1786388958.5869832,CRYPTO_NODE,ECC,80,111.58,100.0
1786388961.711402,CRYPTO_NODE,ECC,81,111.57,100.0
1786388969.7406526,CRYPTO_NODE,ZKP,0,334.87,100.0
1786388969.747395,CRYPTO_NODE,ZKP,1,334.87,100.0
1786388969.7529101,CRYPTO_NODE,ZKP,2,334.54,100.0
1786388969.7585,CRYPTO_NODE,ZKP,3,334.47,100.0
1786388969.7641127,CRYPTO_NODE,ZKP,4,334.72,100.0
1786388969.7696497,CRYPTO_NODE,ZKP,5,334.99,100.0
1786388969.7753348,CRYPTO_NODE,ZKP,6,334.47,100.0
1786388969.8830483,CRYPTO_NODE,ZKP,7,334.43,100.0
1786388969.990279,CRYPTO_NODE,ZKP,8,334.7,100.0
1786388970.1512551,CRYPTO_NODE,ZKP,9,334.76,100.0
1786388970.4946342,CRYPTO_NODE,ZKP,10,334.7,100.0
1786388970.8358507,CRYPTO_NODE,ZKP,11,334.67,100.0
1786388971.1803086,CRYPTO_NODE,ZKP,12,334.36,100.0
1786388971.522593,CRYPTO_NODE,ZKP,13,334.34,100.0
1786388971.8647292,CRYPTO_NODE,ZKP,14,334.35,100.0
1786388972.0738368,CRYPTO_NODE,ECC,0,111.67,100.0
1786388972.1806087,CRYPTO_NODE,ECC,1,111.49,100.0
1786388972.2874372,CRYPTO_NODE,ECC,2,111.65,100.0
1786388972.3948355,CRYPTO_NODE,ECC,3,111.68,100.0
1786388972.5022933,CRYPTO_NODE,ECC,4,111.5,100.0
1786388972.6089747,CRYPTO_NODE,ECC,5,111.61,100.0
1786388972.7198377,CRYPTO_NODE,ECC,6,111.5,100.0
1786388972.8409646,CRYPTO_NODE,ECC,7,111.57,100.0
1786388972.9652002,CRYPTO_NODE,ECC,8,111.63,100.0
1786388973.0869823,CRYPTO_NODE,ECC,9,111.54,100.0
1786388973.2093942,CRYPTO_NODE,ECC,10,111.47,100.0
1786388973.329305,CRYPTO_NODE,ECC,11,111.57,100.0
1786388973.4496055,CRYPTO_NODE,ECC,12,111.57,100.0
1786388973.5730443,CRYPTO_NODE,ECC,13,111.59,100.0
1786388973.6954236,CRYPTO_NODE,ECC,14,111.7,100.0
1786388973.8171623,CRYPTO_NODE,ECC,15,111.52,100.0
1786388974.027935,CRYPTO_NODE,ECC,16,111.59,100.0
1786388974.1345751,CRYPTO_NODE,ECC,17,111.66,100.0
1786388974.2417915,CRYPTO_NODE,ECC,18,111.64,100.0
1786388974.3486867,CRYPTO_NODE,ECC,19,111.67,100.0
1786388974.4540272,CRYPTO_NODE,ECC,20,111.55,100.0
1786388974.5613108,CRYPTO_NODE,ECC,21,111.46,100.0
1786388974.6697648,CRYPTO_NODE,ECC,22,111.44,100.0
1786388974.7923243,CRYPTO_NODE,ECC,23,111.69,100.0
1786388975.012287,CRYPTO_NODE,ECC,24,111.51,100.0
1786388975.1196046,CRYPTO_NODE,ECC,25,111.55,100.0
1786388975.2271054,CRYPTO_NODE,ECC,26,111.59,100.0
1786388975.3335352,CRYPTO_NODE,ECC,27,111.43,100.0
1786388975.4409256,CRYPTO_NODE,ECC,28,111.54,100.0
1786388975.5482333,CRYPTO_NODE,ECC,29,111.47,100.0
1786388975.6552577,CRYPTO_NODE,ECC,30,111.42,100.0
1786388975.765863,CRYPTO_NODE,ECC,31,111.59,100.0
1786388975.976413,CRYPTO_NODE,ECC,32,111.5,100.0
1786388976.0838103,CRYPTO_NODE,ECC,33,111.62,100.0
1786388976.1912525,CRYPTO_NODE,ECC,34,111.44,100.0
1786388976.2986658,CRYPTO_NODE,ECC,35,111.57,100.0
1786388976.4058926,CRYPTO_NODE,ECC,36,111.41,100.0
1786388976.512544,CRYPTO_NODE,ECC,37,111.42,100.0
1786388976.6190953,CRYPTO_NODE,ECC,38,111.46,100.0
1786388976.7390301,CRYPTO_NODE,ECC,39,111.36,100.0
1786388976.863103,CRYPTO_NODE,ECC,40,111.55,100.0
1786388976.9855676,CRYPTO_NODE,ECC,41,111.41,100.0
1786388977.1059737,CRYPTO_NODE,ECC,42,111.3,100.0
1786388977.2270787,CRYPTO_NODE,ECC,43,111.58,100.0
1786388977.3488262,CRYPTO_NODE,ECC,44,111.65,100.0
1786388977.4711382,CRYPTO_NODE,ECC,45,111.61,100.0
1786388977.5927439,CRYPTO_NODE,ECC,46,111.62,100.0
1786388977.7149322,CRYPTO_NODE,ECC,47,111.5,100.0
1786388977.8352644,CRYPTO_NODE,ECC,48,111.49,100.0
1786388977.957893,CRYPTO_NODE,ECC,49,111.5,100.0
1786388978.080287,CRYPTO_NODE,ECC,50,111.48,100.0
1786388978.203386,CRYPTO_NODE,ECC,51,111.63,100.0
1786388978.3261163,CRYPTO_NODE,ECC,52,111.49,100.0
1786388978.4465868,CRYPTO_NODE,ECC,53,111.61,100.0
1786388978.5686064,CRYPTO_NODE,ECC,54,111.48,100.0
1786388978.6907501,CRYPTO_NODE,ECC,55,111.63,100.0
1786388978.8122516,CRYPTO_NODE,ECC,56,111.56,100.0
1786388979.0246775,CRYPTO_NODE,ECC,57,111.57,100.0
1786388979.132105,CRYPTO_NODE,ECC,58,111.49,100.0
1786388979.2386353,CRYPTO_NODE,ECC,59,111.39,100.0
1786388979.3458366,CRYPTO_NODE,ECC,60,111.56,100.0
1786388979.4525952,CRYPTO_NODE,ECC,61,111.45,100.0
1786388979.5593748,CRYPTO_NODE,ECC,62,111.57,100.0
1786388979.666946,CRYPTO_NODE,ECC,63,111.56,100.0
1786388979.789105,CRYPTO_NODE,ECC,64,111.59,100.0
1786388979.9999075,CRYPTO_NODE,ECC,65,111.59,100.0
1786388980.1074948,CRYPTO_NODE,ECC,66,111.55,100.0
1786388980.213992,CRYPTO_NODE,ECC,67,111.61,100.0
1786388980.321434,CRYPTO_NODE,ECC,68,111.53,100.0
1786388980.4284549,CRYPTO_NODE,ECC,69,111.52,100.0
1786388980.5350032,CRYPTO_NODE,ECC,70,111.51,100.0
1786388980.6426365,CRYPTO_NODE,ECC,71,111.51,100.0
1786388980.7650466,CRYPTO_NODE,ECC,72,111.47,100.0
1786388980.9771612,CRYPTO_NODE,ECC,73,111.44,100.0
1786388981.0839639,CRYPTO_NODE,ECC,74,111.48,100.0
1786388981.191128,CRYPTO_NODE,ECC,75,111.58,100.0
1786388981.297774,CRYPTO_NODE,ECC,76,111.6,100.0
1786388981.4053135,CRYPTO_NODE,ECC,77,111.66,100.0
1786388981.5125468,CRYPTO_NODE,ECC,78,111.41,100.0
1786388981.620171,CRYPTO_NODE,ECC,79,111.61,100.0
1786388981.7401202,CRYPTO_NODE,ECC,80,111.5,100.0
1786388984.7851489,CRYPTO_NODE,ECC,81,111.87,100.0
1786388992.8149676,CRYPTO_NODE,ZKP,0,334.82,100.0
1786388992.8211384,CRYPTO_NODE,ZKP,1,334.69,100.0
1786388992.8269687,CRYPTO_NODE,ZKP,2,334.88,100.0
1786388992.8324733,CRYPTO_NODE,ZKP,3,334.54,100.0
1786388992.8379092,CRYPTO_NODE,ZKP,4,334.88,100.0
1786388992.8435247,CRYPTO_NODE,ZKP,5,334.49,100.0
1786388992.8491297,CRYPTO_NODE,ZKP,6,334.59,100.0
1786388992.9555821,CRYPTO_NODE,ZKP,7,334.6,100.0
1786388993.0627646,CRYPTO_NODE,ZKP,8,334.49,100.0
1786388993.2240763,CRYPTO_NODE,ZKP,9,334.87,100.0
1786388993.5659218,CRYPTO_NODE,ZKP,10,334.61,100.0
1786388993.9078722,CRYPTO_NODE,ZKP,11,334.89,100.0
1786388994.2514482,CRYPTO_NODE,ZKP,12,334.21,100.0
1786388994.5937142,CRYPTO_NODE,ZKP,13,334.5,100.0
1786388994.9381032,CRYPTO_NODE,ZKP,14,334.97,100.0
1786388995.1480875,CRYPTO_NODE,ECC,0,111.54,100.0
1786388995.2555764,CRYPTO_NODE,ECC,1,111.62,100.0
1786388995.362206,CRYPTO_NODE,ECC,2,111.48,100.0
1786388995.4687803,CRYPTO_NODE,ECC,3,111.46,100.0
1786388995.5762672,CRYPTO_NODE,ECC,4,111.43,100.0
1786388995.682843,CRYPTO_NODE,ECC,5,111.46,100.0
1786388995.7893314,CRYPTO_NODE,ECC,6,111.64,100.0
1786388995.9086344,CRYPTO_NODE,ECC,7,111.57,100.0
1786388996.033675,CRYPTO_NODE,ECC,8,111.55,100.0
1786388996.1545467,CRYPTO_NODE,ECC,9,111.64,100.0
1786388996.2772734,CRYPTO_NODE,ECC,10,111.41,100.0
1786388996.3973885,CRYPTO_NODE,ECC,11,111.63,100.0
1786388996.5204906,CRYPTO_NODE,ECC,12,111.58,100.0
1786388996.6416247,CRYPTO_NODE,ECC,13,111.6,100.0
1786388996.764306,CRYPTO_NODE,ECC,14,111.5,100.0
1786388996.8853416,CRYPTO_NODE,ECC,15,111.5,100.0
1786388997.097522,CRYPTO_NODE,ECC,16,111.47,100.0
1786388997.2041903,CRYPTO_NODE,ECC,17,111.49,100.0
1786388997.3118653,CRYPTO_NODE,ECC,18,111.47,100.0
1786388997.4194548,CRYPTO_NODE,ECC,19,111.53,100.0
1786388997.526662,CRYPTO_NODE,ECC,20,111.66,100.0
1786388997.634817,CRYPTO_NODE,ECC,21,111.61,100.0
1786388997.7421849,CRYPTO_NODE,ECC,22,111.43,100.0
1786388997.8598745,CRYPTO_NODE,ECC,23,111.5,100.0
1786388998.0731852,CRYPTO_NODE,ECC,24,111.55,100.0
1786388998.1805604,CRYPTO_NODE,ECC,25,111.39,100.0
1786388998.2883363,CRYPTO_NODE,ECC,26,111.58,100.0
1786388998.3959036,CRYPTO_NODE,ECC,27,111.61,100.0
1786388998.5023997,CRYPTO_NODE,ECC,28,111.47,100.0
1786388998.6092296,CRYPTO_NODE,ECC,29,111.63,100.0
1786388998.716715,CRYPTO_NODE,ECC,30,111.49,100.0
1786388998.8333557,CRYPTO_NODE,ECC,31,111.48,100.0
1786388999.0486004,CRYPTO_NODE,ECC,32,111.45,100.0
1786388999.1566415,CRYPTO_NODE,ECC,33,111.49,100.0
1786388999.263847,CRYPTO_NODE,ECC,34,111.47,100.0
1786388999.3714225,CRYPTO_NODE,ECC,35,111.46,100.0
1786388999.4791055,CRYPTO_NODE,ECC,36,111.51,100.0
1786388999.5867214,CRYPTO_NODE,ECC,37,111.55,100.0
1786388999.693542,CRYPTO_NODE,ECC,38,111.33,100.0
1786388999.807227,CRYPTO_NODE,ECC,39,111.53,100.0
1786388999.9315617,CRYPTO_NODE,ECC,40,111.48,100.0
1786389000.0530322,CRYPTO_NODE,ECC,41,111.35,100.0
1786389000.172882,CRYPTO_NODE,ECC,42,111.32,100.0
1786389000.2958748,CRYPTO_NODE,ECC,43,111.34,100.0
1786389000.416284,CRYPTO_NODE,ECC,44,111.42,100.0
1786389000.5364144,CRYPTO_NODE,ECC,45,111.55,100.0
1786389000.6592484,CRYPTO_NODE,ECC,46,111.57,100.0
1786389000.7812378,CRYPTO_NODE,ECC,47,111.62,100.0
1786389000.903426,CRYPTO_NODE,ECC,48,111.66,100.0
1786389001.0250683,CRYPTO_NODE,ECC,49,111.33,100.0
1786389001.1452005,CRYPTO_NODE,ECC,50,111.54,100.0
1786389001.267306,CRYPTO_NODE,ECC,51,111.45,100.0
1786389001.388878,CRYPTO_NODE,ECC,52,111.52,100.0
1786389001.5101378,CRYPTO_NODE,ECC,53,111.56,100.0
1786389001.6332939,CRYPTO_NODE,ECC,54,111.62,100.0
1786389001.755277,CRYPTO_NODE,ECC,55,111.34,100.0
1786389001.8755774,CRYPTO_NODE,ECC,56,111.53,100.0
1786389002.0880594,CRYPTO_NODE,ECC,57,111.67,100.0
1786389002.1945841,CRYPTO_NODE,ECC,58,111.49,100.0
1786389002.30107,CRYPTO_NODE,ECC,59,111.45,100.0
1786389002.4079847,CRYPTO_NODE,ECC,60,111.53,100.0
1786389002.5154994,CRYPTO_NODE,ECC,61,111.5,100.0
1786389002.6220648,CRYPTO_NODE,ECC,62,111.63,100.0
1786389002.7296033,CRYPTO_NODE,ECC,63,111.61,100.0
1786389002.8495624,CRYPTO_NODE,ECC,64,111.57,100.0
1786389003.0630105,CRYPTO_NODE,ECC,65,111.45,100.0
1786389003.1698232,CRYPTO_NODE,ECC,66,111.65,100.0
1786389003.2773724,CRYPTO_NODE,ECC,67,111.7,100.0
1786389003.3842468,CRYPTO_NODE,ECC,68,111.59,100.0
1786389003.4910269,CRYPTO_NODE,ECC,69,111.43,100.0
1786389003.598389,CRYPTO_NODE,ECC,70,111.45,100.0
1786389003.7053812,CRYPTO_NODE,ECC,71,111.53,100.0
1786389003.8228672,CRYPTO_NODE,ECC,72,111.62,100.0
1786389003.9443,CRYPTO_NODE,ECC,73,111.52,100.0
1786389004.0657156,CRYPTO_NODE,ECC,74,111.33,100.0
1786389004.1876616,CRYPTO_NODE,ECC,75,111.43,100.0
1786389004.309737,CRYPTO_NODE,ECC,76,111.62,100.0
1786389004.4309402,CRYPTO_NODE,ECC,77,111.45,100.0
1786389004.5532212,CRYPTO_NODE,ECC,78,111.67,100.0
1786389004.6748881,CRYPTO_NODE,ECC,79,111.61,100.0
1786389004.796954,CRYPTO_NODE,ECC,80,111.47,100.0
1786389007.9222612,CRYPTO_NODE,ECC,81,111.7,100.0
1786389015.949982,CRYPTO_NODE,ZKP,0,334.67,100.0
1786389015.9573863,CRYPTO_NODE,ZKP,1,334.56,100.0
1786389015.9630282,CRYPTO_NODE,ZKP,2,335.0,100.0
1786389015.9685829,CRYPTO_NODE,ZKP,3,334.95,100.0
1786389015.9740217,CRYPTO_NODE,ZKP,4,334.64,100.0
1786389015.9796786,CRYPTO_NODE,ZKP,5,334.84,100.0
1786389015.985261,CRYPTO_NODE,ZKP,6,334.82,100.0
1786389016.0926497,CRYPTO_NODE,ZKP,7,334.72,100.0
1786389016.199245,CRYPTO_NODE,ZKP,8,334.64,100.0
1786389016.3602905,CRYPTO_NODE,ZKP,9,334.98,100.0
1786389016.7009246,CRYPTO_NODE,ZKP,10,334.94,100.0
1786389017.043969,CRYPTO_NODE,ZKP,11,334.47,100.0
1786389017.3892722,CRYPTO_NODE,ZKP,12,334.49,100.0
1786389017.7320075,CRYPTO_NODE,ZKP,13,334.28,100.0
1786389018.073543,CRYPTO_NODE,ZKP,14,334.72,100.0
1786389018.2826784,CRYPTO_NODE,ECC,0,111.65,100.0
1786389018.3898282,CRYPTO_NODE,ECC,1,111.55,100.0
1786389018.4966648,CRYPTO_NODE,ECC,2,111.59,100.0
1786389018.603791,CRYPTO_NODE,ECC,3,111.57,100.0
1786389018.7102163,CRYPTO_NODE,ECC,4,111.58,100.0
1786389018.8172948,CRYPTO_NODE,ECC,5,111.47,100.0
1786389018.9274545,CRYPTO_NODE,ECC,6,111.44,100.0
1786389019.046226,CRYPTO_NODE,ECC,7,111.48,100.0
1786389019.1698382,CRYPTO_NODE,ECC,8,111.57,100.0
1786389019.290262,CRYPTO_NODE,ECC,9,111.6,100.0
1786389019.4143493,CRYPTO_NODE,ECC,10,111.53,100.0
1786389019.536317,CRYPTO_NODE,ECC,11,111.53,100.0
1786389019.6581495,CRYPTO_NODE,ECC,12,111.48,100.0
1786389019.7794554,CRYPTO_NODE,ECC,13,111.59,100.0
1786389019.901383,CRYPTO_NODE,ECC,14,111.57,100.0
1786389020.0235288,CRYPTO_NODE,ECC,15,111.67,100.0
1786389020.236737,CRYPTO_NODE,ECC,16,111.46,100.0
1786389020.3439505,CRYPTO_NODE,ECC,17,111.74,100.0
1786389020.4506052,CRYPTO_NODE,ECC,18,111.41,100.0
1786389020.5571318,CRYPTO_NODE,ECC,19,111.49,100.0
1786389020.6641576,CRYPTO_NODE,ECC,20,111.62,100.0
1786389020.771609,CRYPTO_NODE,ECC,21,111.58,100.0
1786389020.879255,CRYPTO_NODE,ECC,22,111.66,100.0
1786389020.996471,CRYPTO_NODE,ECC,23,111.56,100.0
1786389021.2144043,CRYPTO_NODE,ECC,24,111.52,100.0
1786389021.321488,CRYPTO_NODE,ECC,25,111.55,100.0
1786389021.4290462,CRYPTO_NODE,ECC,26,111.62,100.0
1786389021.5364878,CRYPTO_NODE,ECC,27,111.36,100.0
1786389021.643951,CRYPTO_NODE,ECC,28,111.61,100.0
1786389021.7513041,CRYPTO_NODE,ECC,29,111.45,100.0
1786389021.8575664,CRYPTO_NODE,ECC,30,111.41,100.0
1786389021.9713833,CRYPTO_NODE,ECC,31,111.49,100.0
1786389022.187077,CRYPTO_NODE,ECC,32,111.54,100.0
1786389022.2947133,CRYPTO_NODE,ECC,33,111.38,100.0
1786389022.4021602,CRYPTO_NODE,ECC,34,111.41,100.0
1786389022.5095704,CRYPTO_NODE,ECC,35,111.54,100.0
1786389022.6173446,CRYPTO_NODE,ECC,36,111.34,100.0
1786389022.7239997,CRYPTO_NODE,ECC,37,111.51,100.0
1786389022.8308897,CRYPTO_NODE,ECC,38,111.75,100.0
1786389022.9426358,CRYPTO_NODE,ECC,39,111.47,100.0
1786389023.065315,CRYPTO_NODE,ECC,40,111.65,100.0
1786389023.1890075,CRYPTO_NODE,ECC,41,111.5,100.0
1786389023.309823,CRYPTO_NODE,ECC,42,111.44,100.0
1786389023.4312274,CRYPTO_NODE,ECC,43,111.4,100.0
1786389023.5536277,CRYPTO_NODE,ECC,44,111.41,100.0
1786389023.6751003,CRYPTO_NODE,ECC,45,111.49,100.0
1786389023.7963853,CRYPTO_NODE,ECC,46,111.57,100.0
1786389023.918271,CRYPTO_NODE,ECC,47,111.64,100.0
1786389024.0413206,CRYPTO_NODE,ECC,48,111.5,100.0
1786389024.1607058,CRYPTO_NODE,ECC,49,111.64,100.0
1786389024.283172,CRYPTO_NODE,ECC,50,111.57,100.0
1786389024.4043317,CRYPTO_NODE,ECC,51,111.59,100.0
1786389024.5271733,CRYPTO_NODE,ECC,52,111.61,100.0
1786389024.649024,CRYPTO_NODE,ECC,53,111.44,100.0
1786389024.769618,CRYPTO_NODE,ECC,54,111.45,100.0
1786389024.8911285,CRYPTO_NODE,ECC,55,111.55,100.0
1786389025.0131338,CRYPTO_NODE,ECC,56,111.57,100.0
1786389025.2240906,CRYPTO_NODE,ECC,57,111.4,100.0
1786389025.3314939,CRYPTO_NODE,ECC,58,111.53,100.0
1786389025.4389765,CRYPTO_NODE,ECC,59,111.63,100.0
1786389025.5463514,CRYPTO_NODE,ECC,60,111.67,100.0
1786389025.6530871,CRYPTO_NODE,ECC,61,111.46,100.0
1786389025.7605035,CRYPTO_NODE,ECC,62,111.51,100.0
1786389025.867379,CRYPTO_NODE,ECC,63,111.52,100.0
1786389025.9882495,CRYPTO_NODE,ECC,64,111.64,100.0
1786389026.2000034,CRYPTO_NODE,ECC,65,111.55,100.0
1786389026.3075595,CRYPTO_NODE,ECC,66,111.55,100.0
1786389026.4149578,CRYPTO_NODE,ECC,67,111.44,100.0
1786389026.5214264,CRYPTO_NODE,ECC,68,111.51,100.0
1786389026.6288066,CRYPTO_NODE,ECC,69,111.53,100.0
1786389026.7353754,CRYPTO_NODE,ECC,70,111.59,100.0
1786389026.842822,CRYPTO_NODE,ECC,71,111.54,100.0
1786389026.9636574,CRYPTO_NODE,ECC,72,111.57,100.0
1786389027.0852284,CRYPTO_NODE,ECC,73,111.62,100.0
1786389027.2074523,CRYPTO_NODE,ECC,74,111.56,100.0
1786389027.3290567,CRYPTO_NODE,ECC,75,111.5,100.0
1786389027.4512508,CRYPTO_NODE,ECC,76,111.51,100.0
1786389027.573205,CRYPTO_NODE,ECC,77,111.57,100.0
1786389027.6960669,CRYPTO_NODE,ECC,78,111.58,100.0
1786389027.8179739,CRYPTO_NODE,ECC,79,111.61,100.0
1786389027.939664,CRYPTO_NODE,ECC,80,111.52,100.0
1786389031.0643198,CRYPTO_NODE,ECC,81,111.64,100.0
1786389039.0936704,CRYPTO_NODE,ZKP,0,334.83,100.0
1786389039.1000652,CRYPTO_NODE,ZKP,1,334.82,100.0
1786389039.1056306,CRYPTO_NODE,ZKP,2,334.77,100.0
1786389039.1112938,CRYPTO_NODE,ZKP,3,334.42,100.0
1786389039.116776,CRYPTO_NODE,ZKP,4,334.91,100.0
1786389039.12245,CRYPTO_NODE,ZKP,5,334.6,100.0
1786389039.1282492,CRYPTO_NODE,ZKP,6,334.69,100.0
1786389039.2357228,CRYPTO_NODE,ZKP,7,334.71,100.0
1786389039.3432453,CRYPTO_NODE,ZKP,8,334.71,100.0
1786389039.5027819,CRYPTO_NODE,ZKP,9,334.57,100.0
1786389039.8460839,CRYPTO_NODE,ZKP,10,334.81,100.0
1786389040.1882885,CRYPTO_NODE,ZKP,11,334.33,100.0
1786389040.5303283,CRYPTO_NODE,ZKP,12,334.3,100.0
1786389040.8723552,CRYPTO_NODE,ZKP,13,334.12,100.0
1786389041.2148125,CRYPTO_NODE,ZKP,14,334.74,100.0
1786389041.424047,CRYPTO_NODE,ECC,0,111.74,100.0
1786389041.531515,CRYPTO_NODE,ECC,1,111.58,100.0
1786389041.6394129,CRYPTO_NODE,ECC,2,111.51,100.0
1786389041.7469456,CRYPTO_NODE,ECC,3,111.63,100.0
1786389041.853658,CRYPTO_NODE,ECC,4,111.48,100.0
1786389041.960906,CRYPTO_NODE,ECC,5,111.44,100.0
1786389042.0682838,CRYPTO_NODE,ECC,6,111.54,100.0
1786389042.1893601,CRYPTO_NODE,ECC,7,111.6,100.0
1786389042.3106852,CRYPTO_NODE,ECC,8,111.6,100.0
1786389042.433302,CRYPTO_NODE,ECC,9,111.54,100.0
1786389042.554649,CRYPTO_NODE,ECC,10,111.65,100.0
1786389042.6762102,CRYPTO_NODE,ECC,11,111.59,100.0
1786389042.7975843,CRYPTO_NODE,ECC,12,111.49,100.0
1786389042.9192712,CRYPTO_NODE,ECC,13,111.5,100.0
1786389043.0417206,CRYPTO_NODE,ECC,14,111.76,100.0
1786389043.1637173,CRYPTO_NODE,ECC,15,111.63,100.0
1786389043.3753726,CRYPTO_NODE,ECC,16,111.57,100.0
1786389043.4828706,CRYPTO_NODE,ECC,17,111.65,100.0
1786389043.590544,CRYPTO_NODE,ECC,18,111.65,100.0
1786389043.698081,CRYPTO_NODE,ECC,19,111.43,100.0
1786389043.805991,CRYPTO_NODE,ECC,20,111.66,100.0
1786389043.9139318,CRYPTO_NODE,ECC,21,111.39,100.0
1786389044.0216832,CRYPTO_NODE,ECC,22,111.52,100.0
1786389044.1402872,CRYPTO_NODE,ECC,23,111.58,100.0
1786389044.3595104,CRYPTO_NODE,ECC,24,111.56,100.0
1786389044.4661498,CRYPTO_NODE,ECC,25,111.4,100.0
1786389044.5737116,CRYPTO_NODE,ECC,26,111.43,100.0
1786389044.681236,CRYPTO_NODE,ECC,27,111.5,100.0
1786389044.7883692,CRYPTO_NODE,ECC,28,111.61,100.0
1786389044.8961256,CRYPTO_NODE,ECC,29,111.56,100.0
1786389045.003651,CRYPTO_NODE,ECC,30,111.61,100.0
1786389045.1131504,CRYPTO_NODE,ECC,31,111.63,100.0
1786389045.3318071,CRYPTO_NODE,ECC,32,111.5,100.0
1786389045.4397373,CRYPTO_NODE,ECC,33,111.52,100.0
1786389045.5469732,CRYPTO_NODE,ECC,34,111.63,100.0
1786389045.654137,CRYPTO_NODE,ECC,35,111.63,100.0
1786389045.7606378,CRYPTO_NODE,ECC,36,111.59,100.0
1786389045.8670945,CRYPTO_NODE,ECC,37,111.58,100.0
1786389045.9738765,CRYPTO_NODE,ECC,38,111.43,100.0
1786389046.087844,CRYPTO_NODE,ECC,39,111.52,100.0
1786389046.2114074,CRYPTO_NODE,ECC,40,111.49,100.0
1786389046.3333356,CRYPTO_NODE,ECC,41,111.41,100.0
1786389046.4533565,CRYPTO_NODE,ECC,42,111.39,100.0
1786389046.5745528,CRYPTO_NODE,ECC,43,111.55,100.0
1786389046.6968396,CRYPTO_NODE,ECC,44,111.56,100.0
1786389046.8191004,CRYPTO_NODE,ECC,45,111.57,100.0
1786389046.9404671,CRYPTO_NODE,ECC,46,111.44,100.0
1786389047.062834,CRYPTO_NODE,ECC,47,111.32,100.0
1786389047.1841557,CRYPTO_NODE,ECC,48,111.6,100.0
1786389047.3070767,CRYPTO_NODE,ECC,49,111.64,100.0
1786389047.42779,CRYPTO_NODE,ECC,50,111.56,100.0
1786389047.5500746,CRYPTO_NODE,ECC,51,111.63,100.0
1786389047.6723433,CRYPTO_NODE,ECC,52,111.67,100.0
1786389047.7938352,CRYPTO_NODE,ECC,53,111.52,100.0
1786389047.9161358,CRYPTO_NODE,ECC,54,111.6,100.0
1786389048.0380695,CRYPTO_NODE,ECC,55,111.56,100.0
1786389048.1601288,CRYPTO_NODE,ECC,56,111.53,100.0
1786389048.3720841,CRYPTO_NODE,ECC,57,111.5,100.0
1786389048.4798079,CRYPTO_NODE,ECC,58,111.56,100.0
1786389048.5870974,CRYPTO_NODE,ECC,59,111.49,100.0
1786389048.6937594,CRYPTO_NODE,ECC,60,111.58,100.0
1786389048.801344,CRYPTO_NODE,ECC,61,111.48,100.0
1786389048.9087114,CRYPTO_NODE,ECC,62,111.69,100.0
1786389049.0159845,CRYPTO_NODE,ECC,63,111.45,100.0
1786389049.1368396,CRYPTO_NODE,ECC,64,111.64,100.0
1786389049.3500967,CRYPTO_NODE,ECC,65,111.42,100.0
1786389049.4572332,CRYPTO_NODE,ECC,66,111.48,100.0
1786389049.5668201,CRYPTO_NODE,ECC,67,111.57,100.0
1786389049.6745613,CRYPTO_NODE,ECC,68,111.53,100.0
1786389049.7828894,CRYPTO_NODE,ECC,69,111.53,100.0
1786389049.88958,CRYPTO_NODE,ECC,70,111.49,100.0
1786389049.997345,CRYPTO_NODE,ECC,71,111.65,100.0
1786389050.1112728,CRYPTO_NODE,ECC,72,111.57,100.0
1786389050.328341,CRYPTO_NODE,ECC,73,111.63,100.0
1786389050.4349055,CRYPTO_NODE,ECC,74,111.73,100.0
1786389050.542374,CRYPTO_NODE,ECC,75,111.52,100.0
1786389050.648712,CRYPTO_NODE,ECC,76,111.75,100.0
1786389050.755259,CRYPTO_NODE,ECC,77,111.63,100.0
1786389050.8630471,CRYPTO_NODE,ECC,78,111.68,100.0
1786389050.9699378,CRYPTO_NODE,ECC,79,111.63,100.0
1786389051.0857973,CRYPTO_NODE,ECC,80,111.67,100.0
1786389054.138621,CRYPTO_NODE,ECC,81,111.67,100.0
1786389062.1664953,CRYPTO_NODE,ZKP,0,334.43,100.0
1786389062.1737278,CRYPTO_NODE,ZKP,1,334.68,100.0
1786389062.17936,CRYPTO_NODE,ZKP,2,334.65,100.0
1786389062.1848946,CRYPTO_NODE,ZKP,3,334.65,100.0
1786389062.1905289,CRYPTO_NODE,ZKP,4,334.8,100.0
1786389062.196054,CRYPTO_NODE,ZKP,5,334.38,100.0
1786389062.2017057,CRYPTO_NODE,ZKP,6,334.58,100.0
1786389062.309487,CRYPTO_NODE,ZKP,7,334.74,100.0
1786389062.4169853,CRYPTO_NODE,ZKP,8,334.69,100.0
1786389062.5764334,CRYPTO_NODE,ZKP,9,334.73,100.0
1786389062.9197586,CRYPTO_NODE,ZKP,10,334.6,100.0
1786389063.26053,CRYPTO_NODE,ZKP,11,334.46,100.0
1786389063.6048305,CRYPTO_NODE,ZKP,12,334.42,100.0
1786389063.9476821,CRYPTO_NODE,ZKP,13,334.3,100.0
1786389064.2897193,CRYPTO_NODE,ZKP,14,334.82,100.0
1786389064.498945,CRYPTO_NODE,ECC,0,111.48,100.0
1786389064.6063478,CRYPTO_NODE,ECC,1,111.61,100.0
1786389064.7136378,CRYPTO_NODE,ECC,2,111.75,100.0
1786389064.8208807,CRYPTO_NODE,ECC,3,111.46,100.0
1786389064.9284554,CRYPTO_NODE,ECC,4,111.51,100.0
1786389065.035813,CRYPTO_NODE,ECC,5,111.56,100.0
1786389065.1436353,CRYPTO_NODE,ECC,6,111.67,100.0
1786389065.2637935,CRYPTO_NODE,ECC,7,111.59,100.0
1786389065.386579,CRYPTO_NODE,ECC,8,111.57,100.0
1786389065.5087678,CRYPTO_NODE,ECC,9,111.52,100.0
1786389065.6308446,CRYPTO_NODE,ECC,10,111.5,100.0
1786389065.7523193,CRYPTO_NODE,ECC,11,111.45,100.0
1786389065.874859,CRYPTO_NODE,ECC,12,111.63,100.0
1786389065.9961073,CRYPTO_NODE,ECC,13,111.59,100.0
1786389066.1183205,CRYPTO_NODE,ECC,14,111.52,100.0
1786389066.2411764,CRYPTO_NODE,ECC,15,111.65,100.0
1786389066.4534495,CRYPTO_NODE,ECC,16,111.61,100.0
1786389066.560569,CRYPTO_NODE,ECC,17,111.54,100.0
1786389066.6673815,CRYPTO_NODE,ECC,18,111.61,100.0
1786389066.7751114,CRYPTO_NODE,ECC,19,111.52,100.0
1786389066.8825939,CRYPTO_NODE,ECC,20,111.58,100.0
1786389066.9893875,CRYPTO_NODE,ECC,21,111.58,100.0
1786389067.0970056,CRYPTO_NODE,ECC,22,111.63,100.0
1786389067.2164774,CRYPTO_NODE,ECC,23,111.51,100.0
1786389067.4288278,CRYPTO_NODE,ECC,24,111.72,100.0
1786389067.5363286,CRYPTO_NODE,ECC,25,111.39,100.0
1786389067.6437426,CRYPTO_NODE,ECC,26,111.53,100.0
1786389067.7514312,CRYPTO_NODE,ECC,27,111.53,100.0
1786389067.8590183,CRYPTO_NODE,ECC,28,111.68,100.0
1786389067.9668028,CRYPTO_NODE,ECC,29,111.6,100.0
1786389068.0743577,CRYPTO_NODE,ECC,30,111.57,100.0
1786389068.1922429,CRYPTO_NODE,ECC,31,111.39,100.0
1786389068.4054806,CRYPTO_NODE,ECC,32,111.6,100.0
1786389068.5124052,CRYPTO_NODE,ECC,33,111.46,100.0
1786389068.6189222,CRYPTO_NODE,ECC,34,111.61,100.0
1786389068.7266703,CRYPTO_NODE,ECC,35,111.66,100.0
1786389068.8342855,CRYPTO_NODE,ECC,36,111.65,100.0
1786389068.941702,CRYPTO_NODE,ECC,37,111.51,100.0
1786389069.0485535,CRYPTO_NODE,ECC,38,111.55,100.0
1786389069.1656775,CRYPTO_NODE,ECC,39,111.34,100.0
1786389069.2894454,CRYPTO_NODE,ECC,40,111.34,100.0
1786389069.4092057,CRYPTO_NODE,ECC,41,111.38,100.0
1786389069.5300076,CRYPTO_NODE,ECC,42,111.26,100.0
1786389069.651346,CRYPTO_NODE,ECC,43,111.46,100.0
1786389069.7733512,CRYPTO_NODE,ECC,44,111.54,100.0
1786389069.895198,CRYPTO_NODE,ECC,45,111.63,100.0
1786389070.016401,CRYPTO_NODE,ECC,46,111.48,100.0
1786389070.139321,CRYPTO_NODE,ECC,47,111.57,100.0
1786389070.2582064,CRYPTO_NODE,ECC,48,111.52,100.0
1786389070.3836002,CRYPTO_NODE,ECC,49,111.63,100.0
1786389070.5050344,CRYPTO_NODE,ECC,50,111.65,100.0
1786389070.6265707,CRYPTO_NODE,ECC,51,111.62,100.0
1786389070.7493773,CRYPTO_NODE,ECC,52,111.56,100.0
1786389070.871017,CRYPTO_NODE,ECC,53,111.61,100.0
1786389070.993477,CRYPTO_NODE,ECC,54,111.55,100.0
1786389071.1153812,CRYPTO_NODE,ECC,55,111.59,100.0
1786389071.2378137,CRYPTO_NODE,ECC,56,111.54,100.0
1786389071.44779,CRYPTO_NODE,ECC,57,111.57,100.0
1786389071.555216,CRYPTO_NODE,ECC,58,111.54,100.0
1786389071.6626055,CRYPTO_NODE,ECC,59,111.65,100.0
1786389071.7693372,CRYPTO_NODE,ECC,60,111.44,100.0
1786389071.8766181,CRYPTO_NODE,ECC,61,111.39,100.0
1786389071.983063,CRYPTO_NODE,ECC,62,111.67,100.0
1786389072.0903685,CRYPTO_NODE,ECC,63,111.48,100.0
1786389072.209889,CRYPTO_NODE,ECC,64,111.33,100.0
1786389072.4215758,CRYPTO_NODE,ECC,65,111.36,100.0
1786389072.5383651,CRYPTO_NODE,ECC,66,111.63,100.0
1786389072.6457338,CRYPTO_NODE,ECC,67,111.69,100.0
1786389072.7522347,CRYPTO_NODE,ECC,68,111.54,100.0
1786389072.8589933,CRYPTO_NODE,ECC,69,111.46,100.0
1786389072.9663684,CRYPTO_NODE,ECC,70,111.5,100.0
1786389073.0731416,CRYPTO_NODE,ECC,71,111.58,100.0
1786389073.1821046,CRYPTO_NODE,ECC,72,111.42,100.0
1786389073.4018579,CRYPTO_NODE,ECC,73,111.52,100.0
1786389073.5093303,CRYPTO_NODE,ECC,74,111.64,100.0
1786389073.6165438,CRYPTO_NODE,ECC,75,111.47,100.0
1786389073.724096,CRYPTO_NODE,ECC,76,111.49,100.0
1786389073.8315418,CRYPTO_NODE,ECC,77,111.53,100.0
1786389073.93734,CRYPTO_NODE,ECC,78,111.44,100.0
1786389074.0439212,CRYPTO_NODE,ECC,79,111.54,100.0
1786389074.1552236,CRYPTO_NODE,ECC,80,111.57,100.0
1786389077.2120883,CRYPTO_NODE,ECC,81,111.58,100.0
1786389085.2403228,CRYPTO_NODE,ZKP,0,334.74,100.0
1786389085.2460723,CRYPTO_NODE,ZKP,1,334.76,100.0
1786389085.2518141,CRYPTO_NODE,ZKP,2,334.77,100.0
1786389085.2571955,CRYPTO_NODE,ZKP,3,334.41,100.0
1786389085.262736,CRYPTO_NODE,ZKP,4,334.64,100.0
1786389085.2683537,CRYPTO_NODE,ZKP,5,334.72,100.0
1786389085.273904,CRYPTO_NODE,ZKP,6,334.82,100.0
1786389085.380484,CRYPTO_NODE,ZKP,7,334.55,100.0
1786389085.4871392,CRYPTO_NODE,ZKP,8,334.68,100.0
1786389085.6495109,CRYPTO_NODE,ZKP,9,334.62,100.0
1786389085.9931126,CRYPTO_NODE,ZKP,10,334.61,100.0
1786389086.3355675,CRYPTO_NODE,ZKP,11,334.54,100.0
1786389086.6792295,CRYPTO_NODE,ZKP,12,334.62,100.0
1786389087.0219982,CRYPTO_NODE,ZKP,13,334.35,100.0
1786389087.364632,CRYPTO_NODE,ZKP,14,334.66,100.0
1786389087.5755632,CRYPTO_NODE,ECC,0,111.63,100.0
1786389087.6834235,CRYPTO_NODE,ECC,1,111.35,100.0
1786389087.7914507,CRYPTO_NODE,ECC,2,111.44,100.0
1786389087.897921,CRYPTO_NODE,ECC,3,111.53,100.0
1786389088.0053496,CRYPTO_NODE,ECC,4,111.56,100.0
1786389088.1121957,CRYPTO_NODE,ECC,5,111.47,100.0
1786389088.2195554,CRYPTO_NODE,ECC,6,111.48,100.0
1786389088.3364725,CRYPTO_NODE,ECC,7,111.65,100.0
1786389088.460528,CRYPTO_NODE,ECC,8,111.57,100.0
1786389088.5826151,CRYPTO_NODE,ECC,9,111.62,100.0
1786389088.7041419,CRYPTO_NODE,ECC,10,111.49,100.0
1786389088.8257132,CRYPTO_NODE,ECC,11,111.52,100.0
1786389088.947726,CRYPTO_NODE,ECC,12,111.53,100.0
1786389089.0696776,CRYPTO_NODE,ECC,13,111.56,100.0
1786389089.1918924,CRYPTO_NODE,ECC,14,111.52,100.0
1786389089.3141491,CRYPTO_NODE,ECC,15,111.55,100.0
1786389089.5267804,CRYPTO_NODE,ECC,16,111.5,100.0
1786389089.634256,CRYPTO_NODE,ECC,17,111.54,100.0
1786389089.74197,CRYPTO_NODE,ECC,18,111.66,100.0
1786389089.8495078,CRYPTO_NODE,ECC,19,111.5,100.0
1786389089.956263,CRYPTO_NODE,ECC,20,111.49,100.0
1786389090.0636191,CRYPTO_NODE,ECC,21,111.35,100.0
1786389090.1710062,CRYPTO_NODE,ECC,22,111.62,100.0
1786389090.2902083,CRYPTO_NODE,ECC,23,111.58,100.0
1786389090.5027733,CRYPTO_NODE,ECC,24,111.61,100.0
1786389090.6087315,CRYPTO_NODE,ECC,25,111.57,100.0
1786389090.7163281,CRYPTO_NODE,ECC,26,111.66,100.0
1786389090.8239825,CRYPTO_NODE,ECC,27,111.57,100.0
1786389090.9316273,CRYPTO_NODE,ECC,28,111.62,100.0
1786389091.0382853,CRYPTO_NODE,ECC,29,111.45,100.0
1786389091.145305,CRYPTO_NODE,ECC,30,111.57,100.0
1786389091.2653413,CRYPTO_NODE,ECC,31,111.49,100.0
1786389091.4785008,CRYPTO_NODE,ECC,32,111.43,100.0
1786389091.5866296,CRYPTO_NODE,ECC,33,111.6,100.0
1786389091.693824,CRYPTO_NODE,ECC,34,111.6,100.0
1786389091.8006952,CRYPTO_NODE,ECC,35,111.57,100.0
1786389091.9090393,CRYPTO_NODE,ECC,36,111.55,100.0
1786389092.0163803,CRYPTO_NODE,ECC,37,111.56,100.0
1786389092.1241577,CRYPTO_NODE,ECC,38,111.49,100.0
1786389092.2412333,CRYPTO_NODE,ECC,39,111.32,100.0
1786389092.3614764,CRYPTO_NODE,ECC,40,111.37,100.0
1786389092.4833007,CRYPTO_NODE,ECC,41,111.41,100.0
1786389092.604264,CRYPTO_NODE,ECC,42,111.38,100.0
1786389092.7243712,CRYPTO_NODE,ECC,43,111.3,100.0
1786389092.846251,CRYPTO_NODE,ECC,44,111.43,100.0
1786389092.967821,CRYPTO_NODE,ECC,45,111.62,100.0
1786389093.0901382,CRYPTO_NODE,ECC,46,111.41,100.0
1786389093.210982,CRYPTO_NODE,ECC,47,111.42,100.0
1786389093.3323681,CRYPTO_NODE,ECC,48,111.48,100.0
1786389093.4535432,CRYPTO_NODE,ECC,49,111.58,100.0
1786389093.5748782,CRYPTO_NODE,ECC,50,111.7,100.0
1786389093.6964574,CRYPTO_NODE,ECC,51,111.56,100.0
1786389093.8204389,CRYPTO_NODE,ECC,52,111.53,100.0
1786389093.9416156,CRYPTO_NODE,ECC,53,111.52,100.0
1786389094.0644069,CRYPTO_NODE,ECC,54,111.59,100.0
1786389094.1845877,CRYPTO_NODE,ECC,55,111.5,100.0
1786389094.3077579,CRYPTO_NODE,ECC,56,111.51,100.0
1786389094.5203855,CRYPTO_NODE,ECC,57,111.42,100.0
1786389094.6269712,CRYPTO_NODE,ECC,58,111.66,100.0
1786389094.734208,CRYPTO_NODE,ECC,59,111.48,100.0
1786389094.841364,CRYPTO_NODE,ECC,60,111.5,100.0
1786389094.9476438,CRYPTO_NODE,ECC,61,111.56,100.0
1786389095.05431,CRYPTO_NODE,ECC,62,111.61,100.0
1786389095.161271,CRYPTO_NODE,ECC,63,111.55,100.0
1786389095.2832942,CRYPTO_NODE,ECC,64,111.45,100.0
1786389095.4947534,CRYPTO_NODE,ECC,65,111.44,100.0
1786389095.6014845,CRYPTO_NODE,ECC,66,111.58,100.0
1786389095.7089393,CRYPTO_NODE,ECC,67,111.45,100.0
1786389095.8157082,CRYPTO_NODE,ECC,68,111.58,100.0
1786389095.9236038,CRYPTO_NODE,ECC,69,111.36,100.0
1786389096.0308208,CRYPTO_NODE,ECC,70,111.61,100.0
1786389096.138099,CRYPTO_NODE,ECC,71,111.62,100.0
1786389096.2569695,CRYPTO_NODE,ECC,72,111.66,100.0
1786389096.4770558,CRYPTO_NODE,ECC,73,111.57,100.0
1786389096.584291,CRYPTO_NODE,ECC,74,111.53,100.0
1786389096.6911967,CRYPTO_NODE,ECC,75,111.6,100.0
1786389096.7989113,CRYPTO_NODE,ECC,76,111.56,100.0
1786389096.9052691,CRYPTO_NODE,ECC,77,111.34,100.0
1786389097.0120752,CRYPTO_NODE,ECC,78,111.49,100.0
1786389097.1195152,CRYPTO_NODE,ECC,79,111.43,100.0
1786389097.2296855,CRYPTO_NODE,ECC,80,111.66,100.0
1786389100.2845337,CRYPTO_NODE,ECC,81,111.73,100.0
1786389108.310997,CRYPTO_NODE,ZKP,0,334.63,100.0
1786389108.3183634,CRYPTO_NODE,ZKP,1,334.78,100.0
1786389108.3242512,CRYPTO_NODE,ZKP,2,334.55,100.0
1786389108.3296418,CRYPTO_NODE,ZKP,3,334.62,100.0
1786389108.3353126,CRYPTO_NODE,ZKP,4,334.79,100.0
1786389108.341012,CRYPTO_NODE,ZKP,5,334.97,100.0
1786389108.346957,CRYPTO_NODE,ZKP,6,334.71,100.0
1786389108.4528742,CRYPTO_NODE,ZKP,7,334.57,100.0
1786389108.560513,CRYPTO_NODE,ZKP,8,334.93,100.0
1786389108.721704,CRYPTO_NODE,ZKP,9,334.67,100.0
1786389109.0652914,CRYPTO_NODE,ZKP,10,334.53,100.0
1786389109.4056642,CRYPTO_NODE,ZKP,11,334.65,100.0
1786389109.7507248,CRYPTO_NODE,ZKP,12,334.44,100.0
1786389110.0938976,CRYPTO_NODE,ZKP,13,334.29,100.0
1786389110.4371295,CRYPTO_NODE,ZKP,14,334.48,100.0
1786389110.6474335,CRYPTO_NODE,ECC,0,111.53,100.0
1786389110.7538283,CRYPTO_NODE,ECC,1,111.53,100.0
1786389110.861403,CRYPTO_NODE,ECC,2,111.5,100.0
1786389110.9684947,CRYPTO_NODE,ECC,3,111.45,100.0
1786389111.0753512,CRYPTO_NODE,ECC,4,111.6,100.0
1786389111.1819327,CRYPTO_NODE,ECC,5,111.71,100.0
1786389111.2907963,CRYPTO_NODE,ECC,6,111.53,100.0
1786389111.411735,CRYPTO_NODE,ECC,7,111.6,100.0
1786389111.5339868,CRYPTO_NODE,ECC,8,111.64,100.0
1786389111.656855,CRYPTO_NODE,ECC,9,111.45,100.0
1786389111.7774487,CRYPTO_NODE,ECC,10,111.52,100.0
1786389111.8999712,CRYPTO_NODE,ECC,11,111.6,100.0
1786389112.0209415,CRYPTO_NODE,ECC,12,111.56,100.0
1786389112.1435506,CRYPTO_NODE,ECC,13,111.54,100.0
1786389112.2669241,CRYPTO_NODE,ECC,14,111.64,100.0
1786389112.3881023,CRYPTO_NODE,ECC,15,111.59,100.0
1786389112.6009183,CRYPTO_NODE,ECC,16,111.43,100.0
1786389112.707747,CRYPTO_NODE,ECC,17,111.59,100.0
1786389112.8151076,CRYPTO_NODE,ECC,18,111.64,100.0
1786389112.922788,CRYPTO_NODE,ECC,19,111.45,100.0
1786389113.0295525,CRYPTO_NODE,ECC,20,111.62,100.0
1786389113.1371963,CRYPTO_NODE,ECC,21,111.47,100.0
1786389113.243906,CRYPTO_NODE,ECC,22,111.55,100.0
1786389113.3609223,CRYPTO_NODE,ECC,23,111.56,100.0
1786389113.5785348,CRYPTO_NODE,ECC,24,111.71,100.0
1786389113.688024,CRYPTO_NODE,ECC,25,111.58,100.0
1786389113.7919075,CRYPTO_NODE,ECC,26,111.52,100.0
1786389113.895544,CRYPTO_NODE,ECC,27,111.63,100.0
1786389114.0018787,CRYPTO_NODE,ECC,28,111.59,100.0
1786389114.109321,CRYPTO_NODE,ECC,29,111.61,100.0
1786389114.2172875,CRYPTO_NODE,ECC,30,111.6,100.0
1786389114.338579,CRYPTO_NODE,ECC,31,111.59,100.0
1786389114.550724,CRYPTO_NODE,ECC,32,111.5,100.0
1786389114.6573446,CRYPTO_NODE,ECC,33,111.47,100.0
1786389114.76497,CRYPTO_NODE,ECC,34,111.55,100.0
1786389114.8725493,CRYPTO_NODE,ECC,35,111.65,100.0
1786389114.9800224,CRYPTO_NODE,ECC,36,111.66,100.0
1786389115.086734,CRYPTO_NODE,ECC,37,111.51,100.0
1786389115.1931176,CRYPTO_NODE,ECC,38,111.6,100.0
1786389115.312687,CRYPTO_NODE,ECC,39,111.63,100.0
1786389115.434961,CRYPTO_NODE,ECC,40,111.59,100.0
1786389115.5569158,CRYPTO_NODE,ECC,41,111.53,100.0
1786389115.679638,CRYPTO_NODE,ECC,42,111.51,100.0
1786389115.8013442,CRYPTO_NODE,ECC,43,111.44,100.0
1786389115.9217806,CRYPTO_NODE,ECC,44,111.54,100.0
1786389116.044455,CRYPTO_NODE,ECC,45,111.46,100.0
1786389116.16684,CRYPTO_NODE,ECC,46,111.64,100.0
1786389116.2884903,CRYPTO_NODE,ECC,47,111.54,100.0
1786389116.4082909,CRYPTO_NODE,ECC,48,111.5,100.0
1786389116.533222,CRYPTO_NODE,ECC,49,111.55,100.0
1786389116.654564,CRYPTO_NODE,ECC,50,111.57,100.0
1786389116.7754962,CRYPTO_NODE,ECC,51,111.56,100.0
1786389116.8983197,CRYPTO_NODE,ECC,52,111.45,100.0
1786389117.0191982,CRYPTO_NODE,ECC,53,111.57,100.0
1786389117.141339,CRYPTO_NODE,ECC,54,111.54,100.0
1786389117.262602,CRYPTO_NODE,ECC,55,111.58,100.0
1786389117.385337,CRYPTO_NODE,ECC,56,111.5,100.0
1786389117.5968387,CRYPTO_NODE,ECC,57,111.6,100.0
1786389117.7028627,CRYPTO_NODE,ECC,58,111.46,100.0
1786389117.8096738,CRYPTO_NODE,ECC,59,111.62,100.0
1786389117.9162412,CRYPTO_NODE,ECC,60,111.34,100.0
1786389118.023761,CRYPTO_NODE,ECC,61,111.4,100.0
1786389118.1311035,CRYPTO_NODE,ECC,62,111.71,100.0
1786389118.2376237,CRYPTO_NODE,ECC,63,111.53,100.0
1786389118.3583481,CRYPTO_NODE,ECC,64,111.38,100.0
1786389118.570241,CRYPTO_NODE,ECC,65,111.55,100.0
1786389118.6775475,CRYPTO_NODE,ECC,66,111.59,100.0
1786389118.784894,CRYPTO_NODE,ECC,67,111.65,100.0
1786389118.8916314,CRYPTO_NODE,ECC,68,111.52,100.0
1786389118.9981258,CRYPTO_NODE,ECC,69,111.59,100.0
1786389119.1045475,CRYPTO_NODE,ECC,70,111.64,100.0
1786389119.2126386,CRYPTO_NODE,ECC,71,111.45,100.0
1786389119.334134,CRYPTO_NODE,ECC,72,111.61,100.0
1786389119.5477066,CRYPTO_NODE,ECC,73,111.45,100.0
1786389119.6552885,CRYPTO_NODE,ECC,74,111.42,100.0
1786389119.7617693,CRYPTO_NODE,ECC,75,111.59,100.0
1786389119.869732,CRYPTO_NODE,ECC,76,111.49,100.0
1786389119.9768968,CRYPTO_NODE,ECC,77,111.69,100.0
1786389120.083822,CRYPTO_NODE,ECC,78,111.63,100.0
1786389120.191272,CRYPTO_NODE,ECC,79,111.65,100.0
1786389120.3058813,CRYPTO_NODE,ECC,80,111.43,100.0
1786389123.3561625,CRYPTO_NODE,ECC,81,111.77,100.0
1786389131.3849354,CRYPTO_NODE,ZKP,0,334.57,100.0
1786389131.3920262,CRYPTO_NODE,ZKP,1,334.57,100.0
1786389131.3983061,CRYPTO_NODE,ZKP,2,334.74,100.0
1786389131.4038897,CRYPTO_NODE,ZKP,3,334.71,100.0
1786389131.4093218,CRYPTO_NODE,ZKP,4,334.68,100.0
1786389131.4148507,CRYPTO_NODE,ZKP,5,334.68,100.0
1786389131.420459,CRYPTO_NODE,ZKP,6,334.77,100.0
1786389131.5278509,CRYPTO_NODE,ZKP,7,334.67,100.0
1786389131.634843,CRYPTO_NODE,ZKP,8,334.76,100.0
1786389131.7947576,CRYPTO_NODE,ZKP,9,334.83,100.0
1786389132.1377463,CRYPTO_NODE,ZKP,10,334.44,100.0
1786389132.479411,CRYPTO_NODE,ZKP,11,334.65,100.0
1786389132.824199,CRYPTO_NODE,ZKP,12,334.58,100.0
1786389133.167107,CRYPTO_NODE,ZKP,13,334.41,100.0
1786389133.5099301,CRYPTO_NODE,ZKP,14,334.54,100.0
1786389133.7198608,CRYPTO_NODE,ECC,0,111.55,100.0
1786389133.8251097,CRYPTO_NODE,ECC,1,111.68,100.0
1786389133.931664,CRYPTO_NODE,ECC,2,111.59,100.0
1786389134.0392342,CRYPTO_NODE,ECC,3,111.73,100.0
1786389134.1457677,CRYPTO_NODE,ECC,4,111.61,100.0
1786389134.253192,CRYPTO_NODE,ECC,5,111.63,100.0
1786389134.3636925,CRYPTO_NODE,ECC,6,111.42,100.0
1786389134.484417,CRYPTO_NODE,ECC,7,111.6,100.0
1786389134.6084313,CRYPTO_NODE,ECC,8,111.55,100.0
1786389134.7287827,CRYPTO_NODE,ECC,9,111.42,100.0
1786389134.8507338,CRYPTO_NODE,ECC,10,111.48,100.0
1786389134.9730647,CRYPTO_NODE,ECC,11,111.45,100.0
1786389135.09384,CRYPTO_NODE,ECC,12,111.57,100.0
1786389135.2165558,CRYPTO_NODE,ECC,13,111.43,100.0
1786389135.335428,CRYPTO_NODE,ECC,14,111.72,100.0
1786389135.4579902,CRYPTO_NODE,ECC,15,111.5,100.0
1786389135.6691413,CRYPTO_NODE,ECC,16,111.5,100.0
1786389135.7761564,CRYPTO_NODE,ECC,17,111.65,100.0
1786389135.8828592,CRYPTO_NODE,ECC,18,111.43,100.0
1786389135.9904437,CRYPTO_NODE,ECC,19,111.62,100.0
1786389136.0980759,CRYPTO_NODE,ECC,20,111.49,100.0
1786389136.2057974,CRYPTO_NODE,ECC,21,111.63,100.0
1786389136.312921,CRYPTO_NODE,ECC,22,111.43,100.0
1786389136.4325047,CRYPTO_NODE,ECC,23,111.57,100.0
1786389136.6497467,CRYPTO_NODE,ECC,24,111.59,100.0
1786389136.7562783,CRYPTO_NODE,ECC,25,111.47,100.0
1786389136.8637893,CRYPTO_NODE,ECC,26,111.64,100.0
1786389136.971171,CRYPTO_NODE,ECC,27,111.64,100.0
1786389137.0784135,CRYPTO_NODE,ECC,28,111.53,100.0
1786389137.1851707,CRYPTO_NODE,ECC,29,111.48,100.0
1786389137.2923987,CRYPTO_NODE,ECC,30,111.6,100.0
1786389137.4074955,CRYPTO_NODE,ECC,31,111.71,100.0
1786389137.6217506,CRYPTO_NODE,ECC,32,111.55,100.0
1786389137.728789,CRYPTO_NODE,ECC,33,111.58,100.0
1786389137.8354917,CRYPTO_NODE,ECC,34,111.71,100.0
1786389137.9431677,CRYPTO_NODE,ECC,35,111.58,100.0
1786389138.0509071,CRYPTO_NODE,ECC,36,111.46,100.0
1786389138.157707,CRYPTO_NODE,ECC,37,111.54,100.0
1786389138.2643557,CRYPTO_NODE,ECC,38,111.43,100.0
1786389138.380772,CRYPTO_NODE,ECC,39,111.42,100.0
1786389138.5023112,CRYPTO_NODE,ECC,40,111.46,100.0
1786389138.6241436,CRYPTO_NODE,ECC,41,111.43,100.0
1786389138.7445805,CRYPTO_NODE,ECC,42,111.47,100.0
1786389138.8678339,CRYPTO_NODE,ECC,43,111.58,100.0
1786389138.989163,CRYPTO_NODE,ECC,44,111.55,100.0
1786389139.1105695,CRYPTO_NODE,ECC,45,111.3,100.0
1786389139.2323074,CRYPTO_NODE,ECC,46,111.51,100.0
1786389139.3548226,CRYPTO_NODE,ECC,47,111.59,100.0
1786389139.4756715,CRYPTO_NODE,ECC,48,111.62,100.0
1786389139.5987804,CRYPTO_NODE,ECC,49,111.57,100.0
1786389139.7206588,CRYPTO_NODE,ECC,50,111.55,100.0
1786389139.8427334,CRYPTO_NODE,ECC,51,111.51,100.0
1786389139.9639585,CRYPTO_NODE,ECC,52,111.7,100.0
1786389140.0867815,CRYPTO_NODE,ECC,53,111.48,100.0
1786389140.2080224,CRYPTO_NODE,ECC,54,111.5,100.0
1786389140.3300967,CRYPTO_NODE,ECC,55,111.57,100.0
1786389140.4517722,CRYPTO_NODE,ECC,56,111.53,100.0
1786389140.662459,CRYPTO_NODE,ECC,57,111.58,100.0
1786389140.7696514,CRYPTO_NODE,ECC,58,111.58,100.0
1786389140.876352,CRYPTO_NODE,ECC,59,111.5,100.0
1786389140.9839754,CRYPTO_NODE,ECC,60,111.55,100.0
1786389141.0916452,CRYPTO_NODE,ECC,61,111.78,100.0
1786389141.1979434,CRYPTO_NODE,ECC,62,111.51,100.0
1786389141.3061352,CRYPTO_NODE,ECC,63,111.7,100.0
1786389141.4285264,CRYPTO_NODE,ECC,64,111.6,100.0
1786389141.6388183,CRYPTO_NODE,ECC,65,111.61,100.0
1786389141.752835,CRYPTO_NODE,ECC,66,111.47,100.0
1786389141.861299,CRYPTO_NODE,ECC,67,111.46,100.0
1786389141.9679499,CRYPTO_NODE,ECC,68,111.41,100.0
1786389142.0750551,CRYPTO_NODE,ECC,69,111.45,100.0
1786389142.1825953,CRYPTO_NODE,ECC,70,111.49,100.0
1786389142.289663,CRYPTO_NODE,ECC,71,111.71,100.0
1786389142.4019597,CRYPTO_NODE,ECC,72,111.6,100.0
1786389142.620755,CRYPTO_NODE,ECC,73,111.59,100.0
1786389142.7284303,CRYPTO_NODE,ECC,74,111.69,100.0
1786389142.8360791,CRYPTO_NODE,ECC,75,111.57,100.0
1786389142.9429207,CRYPTO_NODE,ECC,76,111.33,100.0
1786389143.0492013,CRYPTO_NODE,ECC,77,111.43,100.0
1786389143.1558688,CRYPTO_NODE,ECC,78,111.58,100.0
1786389143.26289,CRYPTO_NODE,ECC,79,111.65,100.0
1786389143.3759954,CRYPTO_NODE,ECC,80,111.73,100.0
1786389146.4265237,CRYPTO_NODE,ECC,81,111.62,100.0
1786389154.4548206,CRYPTO_NODE,ZKP,0,334.69,100.0
1786389154.461526,CRYPTO_NODE,ZKP,1,334.66,100.0
1786389154.4676626,CRYPTO_NODE,ZKP,2,334.62,100.0
1786389154.4732282,CRYPTO_NODE,ZKP,3,334.65,100.0
1786389154.4786873,CRYPTO_NODE,ZKP,4,334.77,100.0
1786389154.4844904,CRYPTO_NODE,ZKP,5,334.79,100.0
1786389154.490153,CRYPTO_NODE,ZKP,6,334.56,100.0
1786389154.598075,CRYPTO_NODE,ZKP,7,334.63,100.0
1786389154.7042267,CRYPTO_NODE,ZKP,8,334.52,100.0
1786389154.8651803,CRYPTO_NODE,ZKP,9,334.7,100.0
1786389155.209309,CRYPTO_NODE,ZKP,10,334.75,100.0
1786389155.5502267,CRYPTO_NODE,ZKP,11,334.81,100.0
1786389155.8944328,CRYPTO_NODE,ZKP,12,334.59,100.0
1786389156.2367132,CRYPTO_NODE,ZKP,13,334.33,100.0
1786389156.5801344,CRYPTO_NODE,ZKP,14,334.44,100.0
1786389156.7902997,CRYPTO_NODE,ECC,0,111.47,100.0
1786389156.897726,CRYPTO_NODE,ECC,1,111.65,100.0
1786389157.0042188,CRYPTO_NODE,ECC,2,111.64,100.0
1786389157.111608,CRYPTO_NODE,ECC,3,111.54,100.0
1786389157.218268,CRYPTO_NODE,ECC,4,111.54,100.0
1786389157.324985,CRYPTO_NODE,ECC,5,111.6,100.0
1786389157.4341717,CRYPTO_NODE,ECC,6,111.5,100.0
1786389157.554312,CRYPTO_NODE,ECC,7,111.4,100.0
1786389157.6775234,CRYPTO_NODE,ECC,8,111.53,100.0
1786389157.7996273,CRYPTO_NODE,ECC,9,111.68,100.0
1786389157.9224102,CRYPTO_NODE,ECC,10,111.52,100.0
1786389158.0445774,CRYPTO_NODE,ECC,11,111.52,100.0
1786389158.1667397,CRYPTO_NODE,ECC,12,111.64,100.0
1786389158.2887309,CRYPTO_NODE,ECC,13,111.67,100.0
1786389158.4096363,CRYPTO_NODE,ECC,14,111.43,100.0
1786389158.5328195,CRYPTO_NODE,ECC,15,111.62,100.0
1786389158.7434807,CRYPTO_NODE,ECC,16,111.52,100.0
1786389158.8503098,CRYPTO_NODE,ECC,17,111.5,100.0
1786389158.9577777,CRYPTO_NODE,ECC,18,111.49,100.0
1786389159.0653272,CRYPTO_NODE,ECC,19,111.55,100.0
1786389159.1729643,CRYPTO_NODE,ECC,20,111.58,100.0
1786389159.279545,CRYPTO_NODE,ECC,21,111.6,100.0
1786389159.3859932,CRYPTO_NODE,ECC,22,111.52,100.0
1786389159.508904,CRYPTO_NODE,ECC,23,111.68,100.0
1786389159.7199237,CRYPTO_NODE,ECC,24,111.38,100.0
1786389159.82759,CRYPTO_NODE,ECC,25,111.54,100.0
1786389159.9353325,CRYPTO_NODE,ECC,26,111.59,100.0
1786389160.0429876,CRYPTO_NODE,ECC,27,111.57,100.0
1786389160.15072,CRYPTO_NODE,ECC,28,111.53,100.0
1786389160.2575243,CRYPTO_NODE,ECC,29,111.75,100.0
1786389160.365096,CRYPTO_NODE,ECC,30,111.48,100.0
1786389160.4831653,CRYPTO_NODE,ECC,31,111.68,100.0
1786389160.6948252,CRYPTO_NODE,ECC,32,111.61,100.0
1786389160.8017497,CRYPTO_NODE,ECC,33,111.61,100.0
1786389160.9092398,CRYPTO_NODE,ECC,34,111.57,100.0
1786389161.0151534,CRYPTO_NODE,ECC,35,111.35,100.0
1786389161.1227477,CRYPTO_NODE,ECC,36,111.52,100.0
1786389161.2300575,CRYPTO_NODE,ECC,37,111.36,100.0
1786389161.337621,CRYPTO_NODE,ECC,38,111.5,100.0
1786389161.457194,CRYPTO_NODE,ECC,39,111.57,100.0
1786389161.5801315,CRYPTO_NODE,ECC,40,111.51,100.0
1786389161.7015173,CRYPTO_NODE,ECC,41,111.58,100.0
1786389161.823486,CRYPTO_NODE,ECC,42,111.57,100.0
1786389161.9454336,CRYPTO_NODE,ECC,43,111.51,100.0
1786389162.0679567,CRYPTO_NODE,ECC,44,111.34,100.0
1786389162.189142,CRYPTO_NODE,ECC,45,111.47,100.0
1786389162.310968,CRYPTO_NODE,ECC,46,111.55,100.0
1786389162.4335248,CRYPTO_NODE,ECC,47,111.32,100.0
1786389162.5519693,CRYPTO_NODE,ECC,48,111.53,100.0
1786389162.675812,CRYPTO_NODE,ECC,49,111.45,100.0
1786389162.7969246,CRYPTO_NODE,ECC,50,111.61,100.0
1786389162.9187806,CRYPTO_NODE,ECC,51,111.57,100.0
1786389163.0417078,CRYPTO_NODE,ECC,52,111.66,100.0
1786389163.163741,CRYPTO_NODE,ECC,53,111.57,100.0
1786389163.284712,CRYPTO_NODE,ECC,54,111.47,100.0
1786389163.406873,CRYPTO_NODE,ECC,55,111.53,100.0
1786389163.5303943,CRYPTO_NODE,ECC,56,111.46,100.0
1786389163.7425492,CRYPTO_NODE,ECC,57,111.7,100.0
1786389163.8500664,CRYPTO_NODE,ECC,58,111.61,100.0
1786389163.9560266,CRYPTO_NODE,ECC,59,111.57,100.0
1786389164.0625534,CRYPTO_NODE,ECC,60,111.51,100.0
1786389164.1684341,CRYPTO_NODE,ECC,61,111.5,100.0
1786389164.275903,CRYPTO_NODE,ECC,62,111.56,100.0
1786389164.3834734,CRYPTO_NODE,ECC,63,111.42,100.0
1786389164.5046256,CRYPTO_NODE,ECC,64,111.58,100.0
1786389164.7173321,CRYPTO_NODE,ECC,65,111.59,100.0
1786389164.824889,CRYPTO_NODE,ECC,66,111.66,100.0
1786389164.93146,CRYPTO_NODE,ECC,67,111.41,100.0
1786389165.0380235,CRYPTO_NODE,ECC,68,111.56,100.0
1786389165.1448016,CRYPTO_NODE,ECC,69,111.51,100.0
1786389165.252231,CRYPTO_NODE,ECC,70,111.49,100.0
1786389165.3598566,CRYPTO_NODE,ECC,71,111.46,100.0
1786389165.4797246,CRYPTO_NODE,ECC,72,111.69,100.0
1786389165.6927383,CRYPTO_NODE,ECC,73,111.64,100.0
1786389165.8002238,CRYPTO_NODE,ECC,74,111.44,100.0
1786389165.9076629,CRYPTO_NODE,ECC,75,111.58,100.0
1786389166.0147948,CRYPTO_NODE,ECC,76,111.38,100.0
1786389166.121303,CRYPTO_NODE,ECC,77,111.52,100.0
1786389166.2283528,CRYPTO_NODE,ECC,78,111.53,100.0
1786389166.3357222,CRYPTO_NODE,ECC,79,111.53,100.0
1786389166.4536152,CRYPTO_NODE,ECC,80,111.49,100.0
1786389169.4992201,CRYPTO_NODE,ECC,81,111.81,100.0
1786389177.5284405,CRYPTO_NODE,ZKP,0,334.84,100.0
1786389177.5340984,CRYPTO_NODE,ZKP,1,334.68,100.0
1786389177.5397112,CRYPTO_NODE,ZKP,2,334.63,100.0
1786389177.5452137,CRYPTO_NODE,ZKP,3,334.62,100.0
1786389177.5506914,CRYPTO_NODE,ZKP,4,334.64,100.0
1786389177.556309,CRYPTO_NODE,ZKP,5,334.73,100.0
1786389177.5620244,CRYPTO_NODE,ZKP,6,334.81,100.0
1786389177.6694927,CRYPTO_NODE,ZKP,7,334.48,100.0
1786389177.776793,CRYPTO_NODE,ZKP,8,334.77,100.0
1786389177.937431,CRYPTO_NODE,ZKP,9,334.49,100.0
1786389178.2806065,CRYPTO_NODE,ZKP,10,334.57,100.0
1786389178.6229079,CRYPTO_NODE,ZKP,11,334.76,100.0
1786389178.967289,CRYPTO_NODE,ZKP,12,334.47,100.0
1786389179.310851,CRYPTO_NODE,ZKP,13,334.56,100.0
1786389179.653535,CRYPTO_NODE,ZKP,14,334.23,100.0
1786389179.8633125,CRYPTO_NODE,ECC,0,111.47,100.0
1786389179.9713001,CRYPTO_NODE,ECC,1,111.46,100.0
1786389180.0790303,CRYPTO_NODE,ECC,2,111.51,100.0
1786389180.1857996,CRYPTO_NODE,ECC,3,111.62,100.0
1786389180.2926235,CRYPTO_NODE,ECC,4,111.58,100.0
1786389180.3991876,CRYPTO_NODE,ECC,5,111.54,100.0
1786389180.5060654,CRYPTO_NODE,ECC,6,111.61,100.0
1786389180.6250327,CRYPTO_NODE,ECC,7,111.7,100.0
1786389180.749511,CRYPTO_NODE,ECC,8,111.44,100.0
1786389180.8718224,CRYPTO_NODE,ECC,9,111.53,100.0
1786389180.9929218,CRYPTO_NODE,ECC,10,111.44,100.0
1786389181.115045,CRYPTO_NODE,ECC,11,111.51,100.0
1786389181.23689,CRYPTO_NODE,ECC,12,111.43,100.0
1786389181.3578744,CRYPTO_NODE,ECC,13,111.45,100.0
1786389181.4787185,CRYPTO_NODE,ECC,14,111.53,100.0
1786389181.600938,CRYPTO_NODE,ECC,15,111.42,100.0
1786389181.813385,CRYPTO_NODE,ECC,16,111.65,100.0
1786389181.9210489,CRYPTO_NODE,ECC,17,111.54,100.0
1786389182.0278697,CRYPTO_NODE,ECC,18,111.52,100.0
1786389182.1349943,CRYPTO_NODE,ECC,19,111.47,100.0
1786389182.2422695,CRYPTO_NODE,ECC,20,111.51,100.0
1786389182.3484857,CRYPTO_NODE,ECC,21,111.52,100.0
1786389182.4550853,CRYPTO_NODE,ECC,22,111.69,100.0
1786389182.576006,CRYPTO_NODE,ECC,23,111.64,100.0
1786389182.7941716,CRYPTO_NODE,ECC,24,111.6,100.0
1786389182.90097,CRYPTO_NODE,ECC,25,111.63,100.0
1786389183.007774,CRYPTO_NODE,ECC,26,111.58,100.0
1786389183.1144297,CRYPTO_NODE,ECC,27,111.55,100.0
1786389183.2219157,CRYPTO_NODE,ECC,28,111.43,100.0
1786389183.3288975,CRYPTO_NODE,ECC,29,111.65,100.0
1786389183.436516,CRYPTO_NODE,ECC,30,111.69,100.0
1786389183.5527952,CRYPTO_NODE,ECC,31,111.41,100.0
1786389183.765605,CRYPTO_NODE,ECC,32,111.46,100.0
1786389183.8732855,CRYPTO_NODE,ECC,33,111.63,100.0
1786389183.9800065,CRYPTO_NODE,ECC,34,111.67,100.0
1786389184.0872016,CRYPTO_NODE,ECC,35,111.62,100.0
1786389184.1936316,CRYPTO_NODE,ECC,36,111.58,100.0
1786389184.3012347,CRYPTO_NODE,ECC,37,111.59,100.0
1786389184.4078765,CRYPTO_NODE,ECC,38,111.56,100.0
1786389184.5257452,CRYPTO_NODE,ECC,39,111.51,100.0
1786389184.648932,CRYPTO_NODE,ECC,40,111.48,100.0
1786389184.7725174,CRYPTO_NODE,ECC,41,111.47,100.0
1786389184.8939714,CRYPTO_NODE,ECC,42,111.39,100.0
1786389185.0130477,CRYPTO_NODE,ECC,43,111.44,100.0
1786389185.1348019,CRYPTO_NODE,ECC,44,111.52,100.0
1786389185.256833,CRYPTO_NODE,ECC,45,111.37,100.0
1786389185.378612,CRYPTO_NODE,ECC,46,111.44,100.0
1786389185.499174,CRYPTO_NODE,ECC,47,111.49,100.0
1786389185.6199465,CRYPTO_NODE,ECC,48,111.49,100.0
1786389185.7423692,CRYPTO_NODE,ECC,49,111.6,100.0
1786389185.8636181,CRYPTO_NODE,ECC,50,111.4,100.0
1786389185.9854965,CRYPTO_NODE,ECC,51,111.53,100.0
1786389186.107624,CRYPTO_NODE,ECC,52,111.44,100.0
1786389186.2295318,CRYPTO_NODE,ECC,53,111.45,100.0
1786389186.350156,CRYPTO_NODE,ECC,54,111.62,100.0
1786389186.4716833,CRYPTO_NODE,ECC,55,111.4,100.0
1786389186.5927525,CRYPTO_NODE,ECC,56,111.44,100.0
1786389186.8051467,CRYPTO_NODE,ECC,57,111.49,100.0
1786389186.9129848,CRYPTO_NODE,ECC,58,111.62,100.0
1786389187.020519,CRYPTO_NODE,ECC,59,111.7,100.0
1786389187.1280417,CRYPTO_NODE,ECC,60,111.54,100.0
1786389187.2356372,CRYPTO_NODE,ECC,61,111.74,100.0
1786389187.3421211,CRYPTO_NODE,ECC,62,111.71,100.0
1786389187.4490023,CRYPTO_NODE,ECC,63,111.48,100.0
1786389187.5678217,CRYPTO_NODE,ECC,64,111.5,100.0
1786389187.779627,CRYPTO_NODE,ECC,65,111.67,100.0
1786389187.8863692,CRYPTO_NODE,ECC,66,111.56,100.0
1786389187.9936812,CRYPTO_NODE,ECC,67,111.68,100.0
1786389188.1011455,CRYPTO_NODE,ECC,68,111.7,100.0
1786389188.2077546,CRYPTO_NODE,ECC,69,111.62,100.0
1786389188.3152146,CRYPTO_NODE,ECC,70,111.59,100.0
1786389188.4229379,CRYPTO_NODE,ECC,71,111.62,100.0
1786389188.5450351,CRYPTO_NODE,ECC,72,111.5,100.0
1786389188.7637868,CRYPTO_NODE,ECC,73,111.55,100.0
1786389188.8714762,CRYPTO_NODE,ECC,74,111.61,100.0
1786389188.9791038,CRYPTO_NODE,ECC,75,111.46,100.0
1786389189.0857258,CRYPTO_NODE,ECC,76,111.43,100.0
1786389189.1928935,CRYPTO_NODE,ECC,77,111.5,100.0
1786389189.2996576,CRYPTO_NODE,ECC,78,111.6,100.0
1786389189.4067862,CRYPTO_NODE,ECC,79,111.43,100.0
1786389189.5190692,CRYPTO_NODE,ECC,80,111.54,100.0
1786389192.5735207,CRYPTO_NODE,ECC,81,111.55,100.0
1786389200.6013982,CRYPTO_NODE,ZKP,0,334.83,100.0
1786389200.6080813,CRYPTO_NODE,ZKP,1,334.77,100.0
1786389200.6138535,CRYPTO_NODE,ZKP,2,334.77,100.0
1786389200.6195264,CRYPTO_NODE,ZKP,3,334.59,100.0
1786389200.6250253,CRYPTO_NODE,ZKP,4,335.03,100.0
1786389200.6309106,CRYPTO_NODE,ZKP,5,334.72,100.0
1786389200.636483,CRYPTO_NODE,ZKP,6,334.94,100.0
1786389200.7440214,CRYPTO_NODE,ZKP,7,334.79,100.0
1786389200.8507717,CRYPTO_NODE,ZKP,8,334.54,100.0
1786389201.0112226,CRYPTO_NODE,ZKP,9,334.64,100.0
1786389201.3547723,CRYPTO_NODE,ZKP,10,334.87,100.0
1786389201.6956506,CRYPTO_NODE,ZKP,11,334.51,100.0
1786389202.0413592,CRYPTO_NODE,ZKP,12,334.7,100.0
1786389202.3843608,CRYPTO_NODE,ZKP,13,334.75,100.0
1786389202.726304,CRYPTO_NODE,ZKP,14,334.36,100.0
1786389202.9359193,CRYPTO_NODE,ECC,0,111.68,100.0
1786389203.0428836,CRYPTO_NODE,ECC,1,111.68,100.0
1786389203.1499295,CRYPTO_NODE,ECC,2,111.57,100.0
1786389203.2574835,CRYPTO_NODE,ECC,3,111.61,100.0
1786389203.3649836,CRYPTO_NODE,ECC,4,111.4,100.0
1786389203.4717088,CRYPTO_NODE,ECC,5,111.56,100.0
1786389203.5808063,CRYPTO_NODE,ECC,6,111.57,100.0
1786389203.7004306,CRYPTO_NODE,ECC,7,111.64,100.0
1786389203.824587,CRYPTO_NODE,ECC,8,111.43,100.0
1786389203.945456,CRYPTO_NODE,ECC,9,111.67,100.0
1786389204.0667448,CRYPTO_NODE,ECC,10,111.56,100.0
1786389204.189512,CRYPTO_NODE,ECC,11,111.58,100.0
1786389204.310589,CRYPTO_NODE,ECC,12,111.42,100.0
1786389204.431911,CRYPTO_NODE,ECC,13,111.49,100.0
1786389204.5531108,CRYPTO_NODE,ECC,14,111.57,100.0
1786389204.6750855,CRYPTO_NODE,ECC,15,111.48,100.0
1786389204.8867269,CRYPTO_NODE,ECC,16,111.54,100.0
1786389204.9937487,CRYPTO_NODE,ECC,17,111.58,100.0
1786389205.1004608,CRYPTO_NODE,ECC,18,111.53,100.0
1786389205.2079902,CRYPTO_NODE,ECC,19,111.42,100.0
1786389205.3147826,CRYPTO_NODE,ECC,20,111.55,100.0
1786389205.4230082,CRYPTO_NODE,ECC,21,111.62,100.0
1786389205.531435,CRYPTO_NODE,ECC,22,111.65,100.0
1786389205.6492558,CRYPTO_NODE,ECC,23,111.52,100.0
1786389205.8629622,CRYPTO_NODE,ECC,24,111.72,100.0
1786389205.9693627,CRYPTO_NODE,ECC,25,111.5,100.0
1786389206.0767663,CRYPTO_NODE,ECC,26,111.6,100.0
1786389206.1839015,CRYPTO_NODE,ECC,27,111.64,100.0
1786389206.2904613,CRYPTO_NODE,ECC,28,111.69,100.0
1786389206.397034,CRYPTO_NODE,ECC,29,111.63,100.0
1786389206.5045257,CRYPTO_NODE,ECC,30,111.52,100.0
1786389206.6254797,CRYPTO_NODE,ECC,31,111.4,100.0
1786389206.837877,CRYPTO_NODE,ECC,32,111.43,100.0
1786389206.9446452,CRYPTO_NODE,ECC,33,111.62,100.0
1786389207.0522842,CRYPTO_NODE,ECC,34,111.41,100.0
1786389207.1600575,CRYPTO_NODE,ECC,35,111.61,100.0
1786389207.267118,CRYPTO_NODE,ECC,36,111.47,100.0
1786389207.3741493,CRYPTO_NODE,ECC,37,111.47,100.0
1786389207.480506,CRYPTO_NODE,ECC,38,111.5,100.0
1786389207.600136,CRYPTO_NODE,ECC,39,111.42,100.0
1786389207.7212515,CRYPTO_NODE,ECC,40,111.5,100.0
1786389207.843071,CRYPTO_NODE,ECC,41,111.43,100.0
1786389207.9649775,CRYPTO_NODE,ECC,42,111.58,100.0
1786389208.0879593,CRYPTO_NODE,ECC,43,111.51,100.0
1786389208.2102253,CRYPTO_NODE,ECC,44,111.36,100.0
1786389208.3308527,CRYPTO_NODE,ECC,45,111.63,100.0
1786389208.4527519,CRYPTO_NODE,ECC,46,111.35,100.0
1786389208.5735354,CRYPTO_NODE,ECC,47,111.43,100.0
1786389208.6946,CRYPTO_NODE,ECC,48,111.45,100.0
1786389208.8179832,CRYPTO_NODE,ECC,49,111.61,100.0
1786389208.939122,CRYPTO_NODE,ECC,50,111.5,100.0
1786389209.0617175,CRYPTO_NODE,ECC,51,111.65,100.0
1786389209.1835682,CRYPTO_NODE,ECC,52,111.49,100.0
1786389209.30562,CRYPTO_NODE,ECC,53,111.48,100.0
1786389209.427068,CRYPTO_NODE,ECC,54,111.6,100.0
1786389209.5488994,CRYPTO_NODE,ECC,55,111.59,100.0
1786389209.6718683,CRYPTO_NODE,ECC,56,111.43,100.0
1786389209.8837986,CRYPTO_NODE,ECC,57,111.52,100.0
1786389209.991291,CRYPTO_NODE,ECC,58,111.62,100.0
1786389210.098854,CRYPTO_NODE,ECC,59,111.6,100.0
1786389210.2047145,CRYPTO_NODE,ECC,60,111.58,100.0
1786389210.3123639,CRYPTO_NODE,ECC,61,111.47,100.0
1786389210.4193132,CRYPTO_NODE,ECC,62,111.5,100.0
1786389210.5269027,CRYPTO_NODE,ECC,63,111.59,100.0
1786389210.6485536,CRYPTO_NODE,ECC,64,111.61,100.0
1786389210.8607204,CRYPTO_NODE,ECC,65,111.6,100.0
1786389210.967363,CRYPTO_NODE,ECC,66,111.62,100.0
1786389211.0746963,CRYPTO_NODE,ECC,67,111.63,100.0
1786389211.1817703,CRYPTO_NODE,ECC,68,111.61,100.0
1786389211.2890902,CRYPTO_NODE,ECC,69,111.46,100.0
1786389211.3963683,CRYPTO_NODE,ECC,70,111.63,100.0
1786389211.5035524,CRYPTO_NODE,ECC,71,111.59,100.0
1786389211.624614,CRYPTO_NODE,ECC,72,111.68,100.0
1786389211.8378177,CRYPTO_NODE,ECC,73,111.67,100.0
1786389211.9442248,CRYPTO_NODE,ECC,74,111.66,100.0
1786389212.051067,CRYPTO_NODE,ECC,75,111.6,100.0
1786389212.1583095,CRYPTO_NODE,ECC,76,111.4,100.0
1786389212.2648823,CRYPTO_NODE,ECC,77,111.61,100.0
1786389212.3721492,CRYPTO_NODE,ECC,78,111.39,100.0
1786389212.4796371,CRYPTO_NODE,ECC,79,111.68,100.0
1786389212.5961442,CRYPTO_NODE,ECC,80,111.67,100.0
1786389215.6449897,CRYPTO_NODE,ECC,81,111.74,100.0
1786389223.6728377,CRYPTO_NODE,ZKP,0,334.69,100.0
1786389223.680232,CRYPTO_NODE,ZKP,1,334.91,100.0
1786389223.6857438,CRYPTO_NODE,ZKP,2,334.69,100.0
1786389223.6913943,CRYPTO_NODE,ZKP,3,334.73,100.0
1786389223.6969008,CRYPTO_NODE,ZKP,4,334.83,100.0
1786389223.702532,CRYPTO_NODE,ZKP,5,334.5,100.0
1786389223.7081063,CRYPTO_NODE,ZKP,6,334.75,100.0
1786389223.8153656,CRYPTO_NODE,ZKP,7,334.93,100.0
1786389223.9227312,CRYPTO_NODE,ZKP,8,334.85,100.0
1786389224.084469,CRYPTO_NODE,ZKP,9,334.61,100.0
1786389224.428133,CRYPTO_NODE,ZKP,10,334.93,100.0
1786389224.7693803,CRYPTO_NODE,ZKP,11,334.58,100.0
1786389225.1147723,CRYPTO_NODE,ZKP,12,334.69,100.0
1786389225.4567726,CRYPTO_NODE,ZKP,13,334.59,100.0
1786389225.8007185,CRYPTO_NODE,ZKP,14,334.57,100.0
1786389226.0099018,CRYPTO_NODE,ECC,0,111.45,100.0
1786389226.1173465,CRYPTO_NODE,ECC,1,111.53,100.0
1786389226.2243989,CRYPTO_NODE,ECC,2,111.55,100.0
1786389226.3319023,CRYPTO_NODE,ECC,3,111.61,100.0
1786389226.438741,CRYPTO_NODE,ECC,4,111.5,100.0
1786389226.5451813,CRYPTO_NODE,ECC,5,111.48,100.0
1786389226.6541133,CRYPTO_NODE,ECC,6,111.53,100.0
1786389226.7742083,CRYPTO_NODE,ECC,7,111.55,100.0
1786389226.897334,CRYPTO_NODE,ECC,8,111.54,100.0
1786389227.0209026,CRYPTO_NODE,ECC,9,111.65,100.0
1786389227.1430414,CRYPTO_NODE,ECC,10,111.63,100.0
1786389227.2647913,CRYPTO_NODE,ECC,11,111.46,100.0
1786389227.3871386,CRYPTO_NODE,ECC,12,111.75,100.0
1786389227.5086472,CRYPTO_NODE,ECC,13,111.63,100.0
1786389227.6307483,CRYPTO_NODE,ECC,14,111.48,100.0
1786389227.7529113,CRYPTO_NODE,ECC,15,111.58,100.0
1786389227.96398,CRYPTO_NODE,ECC,16,111.53,100.0
1786389228.0711348,CRYPTO_NODE,ECC,17,111.55,100.0
1786389228.1786077,CRYPTO_NODE,ECC,18,111.58,100.0
1786389228.2861218,CRYPTO_NODE,ECC,19,111.6,100.0
1786389228.3935587,CRYPTO_NODE,ECC,20,111.62,100.0
1786389228.5017493,CRYPTO_NODE,ECC,21,111.58,100.0
1786389228.609337,CRYPTO_NODE,ECC,22,111.51,100.0
1786389228.7287486,CRYPTO_NODE,ECC,23,111.55,100.0
1786389228.946294,CRYPTO_NODE,ECC,24,111.6,100.0
1786389229.0537634,CRYPTO_NODE,ECC,25,111.51,100.0
1786389229.1614068,CRYPTO_NODE,ECC,26,111.62,100.0
1786389229.268,CRYPTO_NODE,ECC,27,111.61,100.0
1786389229.3755505,CRYPTO_NODE,ECC,28,111.61,100.0
1786389229.4831412,CRYPTO_NODE,ECC,29,111.57,100.0
1786389229.5902917,CRYPTO_NODE,ECC,30,111.55,100.0
1786389229.7032104,CRYPTO_NODE,ECC,31,111.51,100.0
1786389229.9152708,CRYPTO_NODE,ECC,32,111.55,100.0
1786389230.0219631,CRYPTO_NODE,ECC,33,111.64,100.0
1786389230.1289644,CRYPTO_NODE,ECC,34,111.76,100.0
1786389230.2363472,CRYPTO_NODE,ECC,35,111.65,100.0
1786389230.3431103,CRYPTO_NODE,ECC,36,111.56,100.0
1786389230.4497142,CRYPTO_NODE,ECC,37,111.37,100.0
1786389230.5579658,CRYPTO_NODE,ECC,38,111.64,100.0
1786389230.6791637,CRYPTO_NODE,ECC,39,111.59,100.0
1786389230.8016984,CRYPTO_NODE,ECC,40,111.42,100.0
1786389230.922821,CRYPTO_NODE,ECC,41,111.52,100.0
1786389231.046026,CRYPTO_NODE,ECC,42,111.49,100.0
1786389231.1670384,CRYPTO_NODE,ECC,43,111.44,100.0
1786389231.2871726,CRYPTO_NODE,ECC,44,111.51,100.0
1786389231.4088774,CRYPTO_NODE,ECC,45,111.56,100.0
1786389231.5307143,CRYPTO_NODE,ECC,46,111.44,100.0
1786389231.6514404,CRYPTO_NODE,ECC,47,111.3,100.0
1786389231.7706745,CRYPTO_NODE,ECC,48,111.56,100.0
1786389231.8945658,CRYPTO_NODE,ECC,49,111.44,100.0
1786389232.0155203,CRYPTO_NODE,ECC,50,111.53,100.0
1786389232.1376715,CRYPTO_NODE,ECC,51,111.46,100.0
1786389232.2599232,CRYPTO_NODE,ECC,52,111.56,100.0
1786389232.3819928,CRYPTO_NODE,ECC,53,111.66,100.0
1786389232.5035527,CRYPTO_NODE,ECC,54,111.52,100.0
1786389232.6248364,CRYPTO_NODE,ECC,55,111.4,100.0
1786389232.7465641,CRYPTO_NODE,ECC,56,111.55,100.0
1786389232.9595234,CRYPTO_NODE,ECC,57,111.66,100.0
1786389233.0661106,CRYPTO_NODE,ECC,58,111.63,100.0
1786389233.1726983,CRYPTO_NODE,ECC,59,111.67,100.0
1786389233.280198,CRYPTO_NODE,ECC,60,111.57,100.0
1786389233.3878684,CRYPTO_NODE,ECC,61,111.61,100.0
1786389233.494628,CRYPTO_NODE,ECC,62,111.52,100.0
1786389233.602085,CRYPTO_NODE,ECC,63,111.52,100.0
1786389233.7230446,CRYPTO_NODE,ECC,64,111.58,100.0
1786389233.9342659,CRYPTO_NODE,ECC,65,111.6,100.0
1786389234.041847,CRYPTO_NODE,ECC,66,111.63,100.0
1786389234.1496305,CRYPTO_NODE,ECC,67,111.54,100.0
1786389234.2562647,CRYPTO_NODE,ECC,68,111.55,100.0
1786389234.3629427,CRYPTO_NODE,ECC,69,111.58,100.0
1786389234.4696305,CRYPTO_NODE,ECC,70,111.64,100.0
1786389234.577129,CRYPTO_NODE,ECC,71,111.78,100.0
1786389234.6957943,CRYPTO_NODE,ECC,72,111.41,100.0
1786389234.9095957,CRYPTO_NODE,ECC,73,111.57,100.0
1786389235.0169487,CRYPTO_NODE,ECC,74,111.57,100.0
1786389235.1245468,CRYPTO_NODE,ECC,75,111.34,100.0
1786389235.2322843,CRYPTO_NODE,ECC,76,111.51,100.0
1786389235.3400514,CRYPTO_NODE,ECC,77,111.51,100.0
1786389235.4460983,CRYPTO_NODE,ECC,78,111.57,100.0
1786389235.5526907,CRYPTO_NODE,ECC,79,111.64,100.0
1786389235.6658218,CRYPTO_NODE,ECC,80,111.45,100.0
1786389238.7148845,CRYPTO_NODE,ECC,81,111.62,100.0
1786389246.7440352,CRYPTO_NODE,ZKP,0,334.85,100.0
1786389246.750024,CRYPTO_NODE,ZKP,1,334.43,100.0
1786389246.7559197,CRYPTO_NODE,ZKP,2,334.38,100.0
1786389246.76145,CRYPTO_NODE,ZKP,3,334.79,100.0
1786389246.7670412,CRYPTO_NODE,ZKP,4,334.65,100.0
1786389246.772682,CRYPTO_NODE,ZKP,5,334.65,100.0
1786389246.7783606,CRYPTO_NODE,ZKP,6,334.72,100.0
1786389246.7839406,CRYPTO_NODE,ZKP,7,334.7,100.0
1786389246.8920069,CRYPTO_NODE,ZKP,8,334.71,100.0
1786389247.2001,CRYPTO_NODE,ZKP,9,334.78,100.0
1786389247.5086942,CRYPTO_NODE,ZKP,10,334.87,100.0
1786389247.8383973,CRYPTO_NODE,ZKP,11,334.98,100.0
1786389248.1828556,CRYPTO_NODE,ZKP,12,334.75,100.0
1786389248.5252078,CRYPTO_NODE,ZKP,13,334.31,100.0
1786389248.867658,CRYPTO_NODE,ZKP,14,334.69,100.0
1786389248.9912653,CRYPTO_NODE,ECC,0,111.35,100.0
1786389249.113098,CRYPTO_NODE,ECC,1,111.42,100.0
1786389249.2346637,CRYPTO_NODE,ECC,2,111.51,100.0
1786389249.3568316,CRYPTO_NODE,ECC,3,111.4,100.0
1786389249.4773226,CRYPTO_NODE,ECC,4,111.59,100.0
1786389249.5999148,CRYPTO_NODE,ECC,5,111.54,100.0
1786389249.7216244,CRYPTO_NODE,ECC,6,111.62,100.0
1786389249.841745,CRYPTO_NODE,ECC,7,111.43,100.0
1786389249.9653702,CRYPTO_NODE,ECC,8,111.66,100.0
1786389250.0872722,CRYPTO_NODE,ECC,9,111.47,100.0
1786389250.2102294,CRYPTO_NODE,ECC,10,111.59,100.0
1786389250.331101,CRYPTO_NODE,ECC,11,111.42,100.0
1786389250.4526563,CRYPTO_NODE,ECC,12,111.47,100.0
1786389250.5741253,CRYPTO_NODE,ECC,13,111.52,100.0
1786389250.6964853,CRYPTO_NODE,ECC,14,111.59,100.0
1786389250.8180864,CRYPTO_NODE,ECC,15,111.54,100.0
1786389251.0303214,CRYPTO_NODE,ECC,16,111.45,100.0
1786389251.1374762,CRYPTO_NODE,ECC,17,111.64,100.0
1786389251.2442846,CRYPTO_NODE,ECC,18,111.5,100.0
1786389251.3510725,CRYPTO_NODE,ECC,19,111.61,100.0
1786389251.458747,CRYPTO_NODE,ECC,20,111.6,100.0
1786389251.5656815,CRYPTO_NODE,ECC,21,111.56,100.0
1786389251.673814,CRYPTO_NODE,ECC,22,111.37,100.0
1786389251.795904,CRYPTO_NODE,ECC,23,111.59,100.0
1786389252.0084558,CRYPTO_NODE,ECC,24,111.47,100.0
1786389252.1150575,CRYPTO_NODE,ECC,25,111.59,100.0
1786389252.2227743,CRYPTO_NODE,ECC,26,111.39,100.0
1786389252.3302472,CRYPTO_NODE,ECC,27,111.47,100.0
1786389252.4379985,CRYPTO_NODE,ECC,28,111.58,100.0
1786389252.5452943,CRYPTO_NODE,ECC,29,111.52,100.0
1786389252.653892,CRYPTO_NODE,ECC,30,111.61,100.0
1786389252.7682207,CRYPTO_NODE,ECC,31,111.62,100.0
1786389252.981465,CRYPTO_NODE,ECC,32,111.51,100.0
1786389253.0891058,CRYPTO_NODE,ECC,33,111.69,100.0
1786389253.1956232,CRYPTO_NODE,ECC,34,111.47,100.0
1786389253.3007948,CRYPTO_NODE,ECC,35,111.57,100.0
1786389253.4079213,CRYPTO_NODE,ECC,36,111.6,100.0
1786389253.514524,CRYPTO_NODE,ECC,37,111.59,100.0
1786389253.6225917,CRYPTO_NODE,ECC,38,111.61,100.0
1786389253.7425554,CRYPTO_NODE,ECC,39,111.49,100.0
1786389253.8664029,CRYPTO_NODE,ECC,40,111.53,100.0
1786389253.9879959,CRYPTO_NODE,ECC,41,111.54,100.0
1786389254.1099463,CRYPTO_NODE,ECC,42,111.42,100.0
1786389254.2311947,CRYPTO_NODE,ECC,43,111.57,100.0
1786389254.3530514,CRYPTO_NODE,ECC,44,111.58,100.0
1786389254.4758224,CRYPTO_NODE,ECC,45,111.44,100.0
1786389254.5969808,CRYPTO_NODE,ECC,46,111.47,100.0
1786389254.7181597,CRYPTO_NODE,ECC,47,111.37,100.0
1786389254.8387015,CRYPTO_NODE,ECC,48,111.32,100.0
1786389254.9600656,CRYPTO_NODE,ECC,49,111.63,100.0
1786389255.0818245,CRYPTO_NODE,ECC,50,111.55,100.0
1786389255.2046435,CRYPTO_NODE,ECC,51,111.57,100.0
1786389255.3255224,CRYPTO_NODE,ECC,52,111.57,100.0
1786389255.4472845,CRYPTO_NODE,ECC,53,111.64,100.0
1786389255.568811,CRYPTO_NODE,ECC,54,111.5,100.0
1786389255.6917558,CRYPTO_NODE,ECC,55,111.47,100.0
1786389255.8125372,CRYPTO_NODE,ECC,56,111.59,100.0
1786389256.0250366,CRYPTO_NODE,ECC,57,111.49,100.0
1786389256.1321197,CRYPTO_NODE,ECC,58,111.35,100.0
1786389256.2386954,CRYPTO_NODE,ECC,59,111.52,100.0
1786389256.3452551,CRYPTO_NODE,ECC,60,111.52,100.0
1786389256.4520156,CRYPTO_NODE,ECC,61,111.57,100.0
1786389256.5594137,CRYPTO_NODE,ECC,62,111.53,100.0
1786389256.667084,CRYPTO_NODE,ECC,63,111.46,100.0
1786389256.7878075,CRYPTO_NODE,ECC,64,111.52,100.0
1786389256.9997876,CRYPTO_NODE,ECC,65,111.52,100.0
1786389257.1065385,CRYPTO_NODE,ECC,66,111.6,100.0
1786389257.2140675,CRYPTO_NODE,ECC,67,111.66,100.0
1786389257.3209782,CRYPTO_NODE,ECC,68,111.51,100.0
1786389257.4288428,CRYPTO_NODE,ECC,69,111.62,100.0
1786389257.5355227,CRYPTO_NODE,ECC,70,111.43,100.0
1786389257.6422215,CRYPTO_NODE,ECC,71,111.49,100.0
1786389257.76303,CRYPTO_NODE,ECC,72,111.6,100.0
1786389257.9822786,CRYPTO_NODE,ECC,73,111.43,100.0
1786389258.0888162,CRYPTO_NODE,ECC,74,111.57,100.0
1786389258.1949492,CRYPTO_NODE,ECC,75,111.67,100.0
1786389258.3025465,CRYPTO_NODE,ECC,76,111.44,100.0
1786389258.4095905,CRYPTO_NODE,ECC,77,111.47,100.0
1786389258.5171506,CRYPTO_NODE,ECC,78,111.61,100.0
1786389258.6238139,CRYPTO_NODE,ECC,79,111.4,100.0
1786389258.73606,CRYPTO_NODE,ECC,80,111.37,100.0
1786389261.789536,CRYPTO_NODE,ECC,81,111.55,100.0
1786389269.81803,CRYPTO_NODE,ZKP,0,334.66,100.0
1786389269.8252923,CRYPTO_NODE,ZKP,1,334.67,100.0
1786389269.8311195,CRYPTO_NODE,ZKP,2,334.7,100.0
1786389269.8368738,CRYPTO_NODE,ZKP,3,334.51,100.0
1786389269.842408,CRYPTO_NODE,ZKP,4,334.73,100.0
1786389269.8479486,CRYPTO_NODE,ZKP,5,334.82,100.0
1786389269.8536317,CRYPTO_NODE,ZKP,6,334.85,100.0
1786389269.9600909,CRYPTO_NODE,ZKP,7,334.75,100.0
1786389270.0674014,CRYPTO_NODE,ZKP,8,334.46,100.0
1786389270.2272153,CRYPTO_NODE,ZKP,9,334.69,100.0
1786389270.5709333,CRYPTO_NODE,ZKP,10,334.9,100.0
1786389270.9119356,CRYPTO_NODE,ZKP,11,334.72,100.0
1786389271.2557893,CRYPTO_NODE,ZKP,12,334.61,100.0
1786389271.5994806,CRYPTO_NODE,ZKP,13,334.77,100.0
1786389271.9420874,CRYPTO_NODE,ZKP,14,334.88,100.0
1786389272.152934,CRYPTO_NODE,ECC,0,111.37,100.0
1786389272.2617352,CRYPTO_NODE,ECC,1,111.4,100.0
1786389272.369204,CRYPTO_NODE,ECC,2,111.47,100.0
1786389272.4768252,CRYPTO_NODE,ECC,3,111.43,100.0
1786389272.5845437,CRYPTO_NODE,ECC,4,111.55,100.0
1786389272.6910508,CRYPTO_NODE,ECC,5,111.6,100.0
1786389272.7988396,CRYPTO_NODE,ECC,6,111.46,100.0
1786389272.9150279,CRYPTO_NODE,ECC,7,111.52,100.0
1786389273.039336,CRYPTO_NODE,ECC,8,111.56,100.0
1786389273.1613925,CRYPTO_NODE,ECC,9,111.59,100.0
1786389273.282896,CRYPTO_NODE,ECC,10,111.49,100.0
1786389273.4037578,CRYPTO_NODE,ECC,11,111.54,100.0
1786389273.5268652,CRYPTO_NODE,ECC,12,111.57,100.0
1786389273.6482208,CRYPTO_NODE,ECC,13,111.33,100.0
1786389273.768813,CRYPTO_NODE,ECC,14,111.47,100.0
1786389273.8916125,CRYPTO_NODE,ECC,15,111.55,100.0
1786389274.1028345,CRYPTO_NODE,ECC,16,111.76,100.0
1786389274.2103643,CRYPTO_NODE,ECC,17,111.59,100.0
1786389274.3177593,CRYPTO_NODE,ECC,18,111.55,100.0
1786389274.4253886,CRYPTO_NODE,ECC,19,111.51,100.0
1786389274.532885,CRYPTO_NODE,ECC,20,111.69,100.0
1786389274.6402166,CRYPTO_NODE,ECC,21,111.52,100.0
1786389274.7475204,CRYPTO_NODE,ECC,22,111.57,100.0
1786389274.8677294,CRYPTO_NODE,ECC,23,111.71,100.0
1786389275.084949,CRYPTO_NODE,ECC,24,111.6,100.0
1786389275.1916063,CRYPTO_NODE,ECC,25,111.55,100.0
1786389275.298128,CRYPTO_NODE,ECC,26,111.64,100.0
1786389275.4055748,CRYPTO_NODE,ECC,27,111.52,100.0
1786389275.5131931,CRYPTO_NODE,ECC,28,111.63,100.0
1786389275.6197376,CRYPTO_NODE,ECC,29,111.64,100.0
1786389275.7273355,CRYPTO_NODE,ECC,30,111.5,100.0
1786389275.84298,CRYPTO_NODE,ECC,31,111.51,100.0
1786389276.0553322,CRYPTO_NODE,ECC,32,111.47,100.0
1786389276.1630118,CRYPTO_NODE,ECC,33,111.54,100.0
1786389276.2696435,CRYPTO_NODE,ECC,34,111.54,100.0
1786389276.3765044,CRYPTO_NODE,ECC,35,111.57,100.0
1786389276.4841475,CRYPTO_NODE,ECC,36,111.66,100.0
1786389276.5907376,CRYPTO_NODE,ECC,37,111.46,100.0
1786389276.6966188,CRYPTO_NODE,ECC,38,111.58,100.0
1786389276.8183289,CRYPTO_NODE,ECC,39,111.56,100.0
1786389276.941483,CRYPTO_NODE,ECC,40,111.52,100.0
1786389277.063991,CRYPTO_NODE,ECC,41,111.46,100.0
1786389277.1851203,CRYPTO_NODE,ECC,42,111.51,100.0
1786389277.3069258,CRYPTO_NODE,ECC,43,111.54,100.0
1786389277.428951,CRYPTO_NODE,ECC,44,111.47,100.0
1786389277.5499759,CRYPTO_NODE,ECC,45,111.45,100.0
1786389277.6732624,CRYPTO_NODE,ECC,46,111.4,100.0
1786389277.7938662,CRYPTO_NODE,ECC,47,111.53,100.0
1786389277.9145575,CRYPTO_NODE,ECC,48,111.38,100.0
1786389278.0366335,CRYPTO_NODE,ECC,49,111.55,100.0
1786389278.1590407,CRYPTO_NODE,ECC,50,111.47,100.0
1786389278.2807004,CRYPTO_NODE,ECC,51,111.5,100.0
1786389278.4028008,CRYPTO_NODE,ECC,52,111.45,100.0
1786389278.5240467,CRYPTO_NODE,ECC,53,111.58,100.0
1786389278.6457624,CRYPTO_NODE,ECC,54,111.56,100.0
1786389278.7671525,CRYPTO_NODE,ECC,55,111.35,100.0
1786389278.8884363,CRYPTO_NODE,ECC,56,111.72,100.0
1786389279.100454,CRYPTO_NODE,ECC,57,111.59,100.0
1786389279.2070968,CRYPTO_NODE,ECC,58,111.63,100.0
1786389279.31455,CRYPTO_NODE,ECC,59,111.45,100.0
1786389279.422114,CRYPTO_NODE,ECC,60,111.69,100.0
1786389279.5296643,CRYPTO_NODE,ECC,61,111.48,100.0
1786389279.6375277,CRYPTO_NODE,ECC,62,111.6,100.0
1786389279.7451024,CRYPTO_NODE,ECC,63,111.53,100.0
1786389279.8646052,CRYPTO_NODE,ECC,64,111.62,100.0
1786389280.0774233,CRYPTO_NODE,ECC,65,111.64,100.0
1786389280.1851556,CRYPTO_NODE,ECC,66,111.63,100.0
1786389280.2927773,CRYPTO_NODE,ECC,67,111.57,100.0
1786389280.3993595,CRYPTO_NODE,ECC,68,111.61,100.0
1786389280.5067823,CRYPTO_NODE,ECC,69,111.5,100.0
1786389280.614205,CRYPTO_NODE,ECC,70,111.52,100.0
1786389280.7217019,CRYPTO_NODE,ECC,71,111.68,100.0
1786389280.8399682,CRYPTO_NODE,ECC,72,111.53,100.0
1786389281.0543904,CRYPTO_NODE,ECC,73,111.52,100.0
1786389281.1613874,CRYPTO_NODE,ECC,74,111.43,100.0
1786389281.2690656,CRYPTO_NODE,ECC,75,111.5,100.0
1786389281.376477,CRYPTO_NODE,ECC,76,111.62,100.0
1786389281.4840553,CRYPTO_NODE,ECC,77,111.67,100.0
1786389281.5916567,CRYPTO_NODE,ECC,78,111.66,100.0
1786389281.6981046,CRYPTO_NODE,ECC,79,111.5,100.0
1786389281.8132405,CRYPTO_NODE,ECC,80,111.51,100.0
1786389284.8627224,CRYPTO_NODE,ECC,81,111.73,100.0
1786389292.8915389,CRYPTO_NODE,ZKP,0,334.58,100.0
1786389292.8970814,CRYPTO_NODE,ZKP,1,334.79,100.0
1786389292.902716,CRYPTO_NODE,ZKP,2,334.64,100.0
1786389292.9083052,CRYPTO_NODE,ZKP,3,334.59,100.0
1786389292.913769,CRYPTO_NODE,ZKP,4,334.71,100.0
1786389292.9194236,CRYPTO_NODE,ZKP,5,334.81,100.0
1786389292.9250996,CRYPTO_NODE,ZKP,6,334.93,100.0
1786389293.0325089,CRYPTO_NODE,ZKP,7,334.55,100.0
1786389293.1399937,CRYPTO_NODE,ZKP,8,334.53,100.0
1786389293.3001485,CRYPTO_NODE,ZKP,9,334.7,100.0
1786389293.645859,CRYPTO_NODE,ZKP,10,334.76,100.0
1786389293.985705,CRYPTO_NODE,ZKP,11,334.84,100.0
1786389294.3305163,CRYPTO_NODE,ZKP,12,334.55,100.0
1786389294.6740887,CRYPTO_NODE,ZKP,13,334.32,100.0
1786389295.016725,CRYPTO_NODE,ZKP,14,334.68,100.0
1786389295.225374,CRYPTO_NODE,ECC,0,111.33,100.0
1786389295.3326218,CRYPTO_NODE,ECC,1,111.5,100.0
1786389295.4400713,CRYPTO_NODE,ECC,2,111.64,100.0
1786389295.5475419,CRYPTO_NODE,ECC,3,111.58,100.0
1786389295.654665,CRYPTO_NODE,ECC,4,111.7,100.0
1786389295.7610793,CRYPTO_NODE,ECC,5,111.64,100.0
1786389295.8710299,CRYPTO_NODE,ECC,6,111.54,100.0
1786389295.991093,CRYPTO_NODE,ECC,7,111.53,100.0
1786389296.1151006,CRYPTO_NODE,ECC,8,111.47,100.0
1786389296.236376,CRYPTO_NODE,ECC,9,111.54,100.0
1786389296.3587995,CRYPTO_NODE,ECC,10,111.42,100.0
1786389296.4808586,CRYPTO_NODE,ECC,11,111.59,100.0
1786389296.6035075,CRYPTO_NODE,ECC,12,111.56,100.0
1786389296.7246041,CRYPTO_NODE,ECC,13,111.54,100.0
1786389296.8469334,CRYPTO_NODE,ECC,14,111.54,100.0
1786389296.968549,CRYPTO_NODE,ECC,15,111.42,100.0
1786389297.1808724,CRYPTO_NODE,ECC,16,111.46,100.0
1786389297.2886596,CRYPTO_NODE,ECC,17,111.6,100.0
1786389297.396245,CRYPTO_NODE,ECC,18,111.63,100.0
1786389297.503856,CRYPTO_NODE,ECC,19,111.62,100.0
1786389297.610321,CRYPTO_NODE,ECC,20,111.63,100.0
1786389297.7174137,CRYPTO_NODE,ECC,21,111.63,100.0
1786389297.8247287,CRYPTO_NODE,ECC,22,111.49,100.0
1786389297.9450102,CRYPTO_NODE,ECC,23,111.79,100.0
1786389298.164926,CRYPTO_NODE,ECC,24,111.52,100.0
1786389298.272595,CRYPTO_NODE,ECC,25,111.6,100.0
1786389298.3795156,CRYPTO_NODE,ECC,26,111.49,100.0
1786389298.4867184,CRYPTO_NODE,ECC,27,111.63,100.0
1786389298.5933125,CRYPTO_NODE,ECC,28,111.64,100.0
1786389298.7000327,CRYPTO_NODE,ECC,29,111.55,100.0
1786389298.8073456,CRYPTO_NODE,ECC,30,111.51,100.0
1786389298.9210021,CRYPTO_NODE,ECC,31,111.79,100.0
1786389299.1345222,CRYPTO_NODE,ECC,32,111.55,100.0
1786389299.2410176,CRYPTO_NODE,ECC,33,111.46,100.0
1786389299.3485343,CRYPTO_NODE,ECC,34,111.4,100.0
1786389299.4551914,CRYPTO_NODE,ECC,35,111.56,100.0
1786389299.5626678,CRYPTO_NODE,ECC,36,111.51,100.0
1786389299.669968,CRYPTO_NODE,ECC,37,111.5,100.0
1786389299.7763507,CRYPTO_NODE,ECC,38,111.52,100.0
1786389299.8953683,CRYPTO_NODE,ECC,39,111.52,100.0
1786389300.0168893,CRYPTO_NODE,ECC,40,111.5,100.0
1786389300.1403108,CRYPTO_NODE,ECC,41,111.64,100.0
1786389300.2617102,CRYPTO_NODE,ECC,42,111.58,100.0
1786389300.3833487,CRYPTO_NODE,ECC,43,111.37,100.0
1786389300.505696,CRYPTO_NODE,ECC,44,111.33,100.0
1786389300.6271465,CRYPTO_NODE,ECC,45,111.49,100.0
1786389300.748256,CRYPTO_NODE,ECC,46,111.5,100.0
1786389300.8700428,CRYPTO_NODE,ECC,47,111.32,100.0
1786389300.9907527,CRYPTO_NODE,ECC,48,111.42,100.0
1786389301.1133447,CRYPTO_NODE,ECC,49,111.39,100.0
1786389301.2333229,CRYPTO_NODE,ECC,50,111.38,100.0
1786389301.3550713,CRYPTO_NODE,ECC,51,111.55,100.0
1786389301.477744,CRYPTO_NODE,ECC,52,111.49,100.0
1786389301.5991468,CRYPTO_NODE,ECC,53,111.42,100.0
1786389301.719862,CRYPTO_NODE,ECC,54,111.52,100.0
1786389301.8418603,CRYPTO_NODE,ECC,55,111.5,100.0
1786389301.9632294,CRYPTO_NODE,ECC,56,111.54,100.0
1786389302.1746838,CRYPTO_NODE,ECC,57,111.72,100.0
1786389302.2809713,CRYPTO_NODE,ECC,58,111.57,100.0
1786389302.3883736,CRYPTO_NODE,ECC,59,111.59,100.0
1786389302.4958751,CRYPTO_NODE,ECC,60,111.7,100.0
1786389302.6033802,CRYPTO_NODE,ECC,61,111.55,100.0
1786389302.7098923,CRYPTO_NODE,ECC,62,111.62,100.0
1786389302.8172,CRYPTO_NODE,ECC,63,111.54,100.0
1786389302.940111,CRYPTO_NODE,ECC,64,111.52,100.0
1786389303.1514862,CRYPTO_NODE,ECC,65,111.4,100.0
1786389303.2641616,CRYPTO_NODE,ECC,66,111.55,100.0
1786389303.3717089,CRYPTO_NODE,ECC,67,111.5,100.0
1786389303.4784107,CRYPTO_NODE,ECC,68,111.62,100.0
1786389303.585658,CRYPTO_NODE,ECC,69,111.59,100.0
1786389303.6924026,CRYPTO_NODE,ECC,70,111.49,100.0
1786389303.8001862,CRYPTO_NODE,ECC,71,111.53,100.0
1786389303.9126568,CRYPTO_NODE,ECC,72,111.57,100.0
1786389304.1277049,CRYPTO_NODE,ECC,73,111.53,100.0
1786389304.234138,CRYPTO_NODE,ECC,74,111.71,100.0
1786389304.34152,CRYPTO_NODE,ECC,75,111.49,100.0
1786389304.4475894,CRYPTO_NODE,ECC,76,111.51,100.0
1786389304.554015,CRYPTO_NODE,ECC,77,111.54,100.0
1786389304.6613772,CRYPTO_NODE,ECC,78,111.47,100.0
1786389304.768693,CRYPTO_NODE,ECC,79,111.63,100.0
1786389304.8891518,CRYPTO_NODE,ECC,80,111.72,100.0
1786389307.9362996,CRYPTO_NODE,ECC,81,111.86,100.0
1786389315.9648697,CRYPTO_NODE,ZKP,0,334.76,100.0
1786389315.9709315,CRYPTO_NODE,ZKP,1,334.62,100.0
1786389315.9765232,CRYPTO_NODE,ZKP,2,334.85,100.0
1786389315.9819486,CRYPTO_NODE,ZKP,3,334.83,100.0
1786389315.9875314,CRYPTO_NODE,ZKP,4,334.78,100.0
1786389315.9928877,CRYPTO_NODE,ZKP,5,334.68,100.0
1786389315.9984822,CRYPTO_NODE,ZKP,6,334.8,100.0
1786389316.105563,CRYPTO_NODE,ZKP,7,334.44,100.0
1786389316.2127097,CRYPTO_NODE,ZKP,8,334.4,100.0
1786389316.3739831,CRYPTO_NODE,ZKP,9,334.48,100.0
1786389316.7169943,CRYPTO_NODE,ZKP,10,334.67,100.0
1786389317.0594368,CRYPTO_NODE,ZKP,11,334.55,100.0
1786389317.4036455,CRYPTO_NODE,ZKP,12,334.43,100.0
1786389317.7467425,CRYPTO_NODE,ZKP,13,334.59,100.0
1786389318.088528,CRYPTO_NODE,ZKP,14,334.51,100.0
1786389318.2974098,CRYPTO_NODE,ECC,0,111.55,100.0
1786389318.4048007,CRYPTO_NODE,ECC,1,111.44,100.0
1786389318.5121045,CRYPTO_NODE,ECC,2,111.37,100.0
1786389318.6191628,CRYPTO_NODE,ECC,3,111.49,100.0
1786389318.725549,CRYPTO_NODE,ECC,4,111.49,100.0
1786389318.8320873,CRYPTO_NODE,ECC,5,111.64,100.0
1786389318.941895,CRYPTO_NODE,ECC,6,111.46,100.0
1786389319.0623732,CRYPTO_NODE,ECC,7,111.59,100.0
1786389319.1858299,CRYPTO_NODE,ECC,8,111.62,100.0
1786389319.308692,CRYPTO_NODE,ECC,9,111.42,100.0
1786389319.4301178,CRYPTO_NODE,ECC,10,111.5,100.0
1786389319.5527008,CRYPTO_NODE,ECC,11,111.6,100.0
1786389319.675071,CRYPTO_NODE,ECC,12,111.59,100.0
1786389319.7960646,CRYPTO_NODE,ECC,13,111.5,100.0
1786389319.9186673,CRYPTO_NODE,ECC,14,111.52,100.0
1786389320.0412037,CRYPTO_NODE,ECC,15,111.58,100.0
1786389320.2532055,CRYPTO_NODE,ECC,16,111.69,100.0
1786389320.3605435,CRYPTO_NODE,ECC,17,111.54,100.0
1786389320.467354,CRYPTO_NODE,ECC,18,111.49,100.0
1786389320.5749993,CRYPTO_NODE,ECC,19,111.68,100.0
1786389320.6827729,CRYPTO_NODE,ECC,20,111.64,100.0
1786389320.7897122,CRYPTO_NODE,ECC,21,111.66,100.0
1786389320.8959904,CRYPTO_NODE,ECC,22,111.46,100.0
1786389321.0167205,CRYPTO_NODE,ECC,23,111.65,100.0
1786389321.234695,CRYPTO_NODE,ECC,24,111.62,100.0
1786389321.3414054,CRYPTO_NODE,ECC,25,111.53,100.0
1786389321.4479635,CRYPTO_NODE,ECC,26,111.45,100.0
1786389321.5544431,CRYPTO_NODE,ECC,27,111.67,100.0
1786389321.661911,CRYPTO_NODE,ECC,28,111.54,100.0
1786389321.76928,CRYPTO_NODE,ECC,29,111.74,100.0
1786389321.8758662,CRYPTO_NODE,ECC,30,111.61,100.0
1786389321.9914076,CRYPTO_NODE,ECC,31,111.53,100.0
1786389322.201991,CRYPTO_NODE,ECC,32,111.56,100.0
1786389322.3079865,CRYPTO_NODE,ECC,33,111.64,100.0
1786389322.414462,CRYPTO_NODE,ECC,34,111.58,100.0
1786389322.5216794,CRYPTO_NODE,ECC,35,111.46,100.0
1786389322.6294515,CRYPTO_NODE,ECC,36,111.44,100.0
1786389322.7361422,CRYPTO_NODE,ECC,37,111.61,100.0
1786389322.8459935,CRYPTO_NODE,ECC,38,111.66,100.0
1786389322.9681764,CRYPTO_NODE,ECC,39,111.59,100.0
1786389323.0893245,CRYPTO_NODE,ECC,40,111.48,100.0
1786389323.2113729,CRYPTO_NODE,ECC,41,111.5,100.0
1786389323.333584,CRYPTO_NODE,ECC,42,111.48,100.0
1786389323.455414,CRYPTO_NODE,ECC,43,111.49,100.0
1786389323.5772445,CRYPTO_NODE,ECC,44,111.65,100.0
1786389323.7003915,CRYPTO_NODE,ECC,45,111.64,100.0
1786389323.8220508,CRYPTO_NODE,ECC,46,111.5,100.0
1786389323.9437053,CRYPTO_NODE,ECC,47,111.5,100.0
1786389324.063851,CRYPTO_NODE,ECC,48,111.52,100.0
1786389324.1870205,CRYPTO_NODE,ECC,49,111.24,100.0
1786389324.3090866,CRYPTO_NODE,ECC,50,111.46,100.0
1786389324.430738,CRYPTO_NODE,ECC,51,111.57,100.0
1786389324.5526495,CRYPTO_NODE,ECC,52,111.54,100.0
1786389324.6751826,CRYPTO_NODE,ECC,53,111.65,100.0
1786389324.7963786,CRYPTO_NODE,ECC,54,111.64,100.0
1786389324.918724,CRYPTO_NODE,ECC,55,111.49,100.0
1786389325.0409327,CRYPTO_NODE,ECC,56,111.66,100.0
1786389325.253481,CRYPTO_NODE,ECC,57,111.47,100.0
1786389325.3604808,CRYPTO_NODE,ECC,58,111.62,100.0
1786389325.4670587,CRYPTO_NODE,ECC,59,111.46,100.0
1786389325.5744085,CRYPTO_NODE,ECC,60,111.64,100.0
1786389325.6811445,CRYPTO_NODE,ECC,61,111.63,100.0
1786389325.7881858,CRYPTO_NODE,ECC,62,111.41,100.0
1786389325.8949673,CRYPTO_NODE,ECC,63,111.46,100.0
1786389326.0154529,CRYPTO_NODE,ECC,64,111.59,100.0
1786389326.2326097,CRYPTO_NODE,ECC,65,111.67,100.0
1786389326.3405037,CRYPTO_NODE,ECC,66,111.59,100.0
1786389326.4476187,CRYPTO_NODE,ECC,67,111.57,100.0
1786389326.55526,CRYPTO_NODE,ECC,68,111.71,100.0
1786389326.6628933,CRYPTO_NODE,ECC,69,111.52,100.0
1786389326.769455,CRYPTO_NODE,ECC,70,111.64,100.0
1786389326.8774896,CRYPTO_NODE,ECC,71,111.66,100.0
1786389326.993227,CRYPTO_NODE,ECC,72,111.58,100.0
1786389327.2057285,CRYPTO_NODE,ECC,73,111.64,100.0
1786389327.3123837,CRYPTO_NODE,ECC,74,111.53,100.0
1786389327.419779,CRYPTO_NODE,ECC,75,111.42,100.0
1786389327.5272796,CRYPTO_NODE,ECC,76,111.61,100.0
1786389327.6338272,CRYPTO_NODE,ECC,77,111.64,100.0
1786389327.7413762,CRYPTO_NODE,ECC,78,111.44,100.0
1786389327.8487694,CRYPTO_NODE,ECC,79,111.62,100.0
1786389327.9678953,CRYPTO_NODE,ECC,80,111.61,100.0
1786389331.0097866,CRYPTO_NODE,ECC,81,111.72,100.0
1786389339.039813,CRYPTO_NODE,ZKP,0,334.48,100.0
1786389339.0460992,CRYPTO_NODE,ZKP,1,334.86,100.0
1786389339.051751,CRYPTO_NODE,ZKP,2,334.52,100.0
1786389339.0571256,CRYPTO_NODE,ZKP,3,334.79,100.0
1786389339.0627797,CRYPTO_NODE,ZKP,4,334.65,100.0
1786389339.0685349,CRYPTO_NODE,ZKP,5,334.8,100.0
1786389339.0742843,CRYPTO_NODE,ZKP,6,334.85,100.0
1786389339.1815915,CRYPTO_NODE,ZKP,7,334.5,100.0
1786389339.289133,CRYPTO_NODE,ZKP,8,334.56,100.0
1786389339.448745,CRYPTO_NODE,ZKP,9,334.85,100.0
1786389339.7917712,CRYPTO_NODE,ZKP,10,334.58,100.0
1786389340.1323168,CRYPTO_NODE,ZKP,11,334.8,100.0
1786389340.4771984,CRYPTO_NODE,ZKP,12,334.85,100.0
1786389340.8206835,CRYPTO_NODE,ZKP,13,334.79,100.0
1786389341.163061,CRYPTO_NODE,ZKP,14,334.54,100.0
1786389341.3727403,CRYPTO_NODE,ECC,0,111.29,100.0
1786389341.4803905,CRYPTO_NODE,ECC,1,111.43,100.0
1786389341.58773,CRYPTO_NODE,ECC,2,111.26,100.0
1786389341.6941388,CRYPTO_NODE,ECC,3,111.47,100.0
1786389341.801575,CRYPTO_NODE,ECC,4,111.51,100.0
1786389341.9091187,CRYPTO_NODE,ECC,5,111.66,100.0
1786389342.0176072,CRYPTO_NODE,ECC,6,111.64,100.0
1786389342.1367452,CRYPTO_NODE,ECC,7,111.53,100.0
1786389342.2598808,CRYPTO_NODE,ECC,8,111.67,100.0
1786389342.3821383,CRYPTO_NODE,ECC,9,111.47,100.0
1786389342.503326,CRYPTO_NODE,ECC,10,111.5,100.0
1786389342.6243982,CRYPTO_NODE,ECC,11,111.66,100.0
1786389342.746848,CRYPTO_NODE,ECC,12,111.6,100.0
1786389342.869267,CRYPTO_NODE,ECC,13,111.69,100.0
1786389342.9914107,CRYPTO_NODE,ECC,14,111.52,100.0
1786389343.112845,CRYPTO_NODE,ECC,15,111.61,100.0
1786389343.3255227,CRYPTO_NODE,ECC,16,111.44,100.0
1786389343.4331017,CRYPTO_NODE,ECC,17,111.62,100.0
1786389343.5404809,CRYPTO_NODE,ECC,18,111.63,100.0
1786389343.6479661,CRYPTO_NODE,ECC,19,111.66,100.0
1786389343.7554991,CRYPTO_NODE,ECC,20,111.63,100.0
1786389343.861602,CRYPTO_NODE,ECC,21,111.52,100.0
1786389343.968844,CRYPTO_NODE,ECC,22,111.56,100.0
1786389344.0893567,CRYPTO_NODE,ECC,23,111.51,100.0
1786389344.306756,CRYPTO_NODE,ECC,24,111.65,100.0
1786389344.4134321,CRYPTO_NODE,ECC,25,111.63,100.0
1786389344.5211918,CRYPTO_NODE,ECC,26,111.58,100.0
1786389344.628123,CRYPTO_NODE,ECC,27,111.63,100.0
1786389344.7349906,CRYPTO_NODE,ECC,28,111.61,100.0
1786389344.841884,CRYPTO_NODE,ECC,29,111.44,100.0
1786389344.9479396,CRYPTO_NODE,ECC,30,111.57,100.0
1786389345.06387,CRYPTO_NODE,ECC,31,111.36,100.0
1786389345.276586,CRYPTO_NODE,ECC,32,111.61,100.0
1786389345.3837202,CRYPTO_NODE,ECC,33,111.6,100.0
1786389345.490673,CRYPTO_NODE,ECC,34,111.59,100.0
1786389345.5978045,CRYPTO_NODE,ECC,35,111.53,100.0
1786389345.704381,CRYPTO_NODE,ECC,36,111.64,100.0
1786389345.811906,CRYPTO_NODE,ECC,37,111.55,100.0
1786389345.9194524,CRYPTO_NODE,ECC,38,111.51,100.0
1786389346.0383112,CRYPTO_NODE,ECC,39,111.56,100.0
1786389346.1603932,CRYPTO_NODE,ECC,40,111.55,100.0
1786389346.2834716,CRYPTO_NODE,ECC,41,111.52,100.0
1786389346.4047227,CRYPTO_NODE,ECC,42,111.64,100.0
1786389346.5272088,CRYPTO_NODE,ECC,43,111.46,100.0
1786389346.6495075,CRYPTO_NODE,ECC,44,111.49,100.0
1786389346.7712948,CRYPTO_NODE,ECC,45,111.42,100.0
1786389346.8932135,CRYPTO_NODE,ECC,46,111.4,100.0
1786389347.01356,CRYPTO_NODE,ECC,47,111.62,100.0
1786389347.1340556,CRYPTO_NODE,ECC,48,111.3,100.0
1786389347.2563336,CRYPTO_NODE,ECC,49,111.36,100.0
1786389347.3771188,CRYPTO_NODE,ECC,50,111.5,100.0
1786389347.4996126,CRYPTO_NODE,ECC,51,111.48,100.0
1786389347.6222734,CRYPTO_NODE,ECC,52,111.57,100.0
1786389347.7446582,CRYPTO_NODE,ECC,53,111.58,100.0
1786389347.866009,CRYPTO_NODE,ECC,54,111.57,100.0
1786389347.988109,CRYPTO_NODE,ECC,55,111.53,100.0
1786389348.1098628,CRYPTO_NODE,ECC,56,111.54,100.0
1786389348.3215802,CRYPTO_NODE,ECC,57,111.52,100.0
1786389348.4290447,CRYPTO_NODE,ECC,58,111.51,100.0
1786389348.5361223,CRYPTO_NODE,ECC,59,111.57,100.0
1786389348.6436372,CRYPTO_NODE,ECC,60,111.67,100.0
1786389348.7511482,CRYPTO_NODE,ECC,61,111.48,100.0
1786389348.85768,CRYPTO_NODE,ECC,62,111.68,100.0
1786389348.9649575,CRYPTO_NODE,ECC,63,111.57,100.0
1786389349.0857203,CRYPTO_NODE,ECC,64,111.56,100.0
1786389349.2979274,CRYPTO_NODE,ECC,65,111.59,100.0
1786389349.4120421,CRYPTO_NODE,ECC,66,111.42,100.0
1786389349.519733,CRYPTO_NODE,ECC,67,111.45,100.0
1786389349.6265078,CRYPTO_NODE,ECC,68,111.52,100.0
1786389349.7338831,CRYPTO_NODE,ECC,69,111.52,100.0
1786389349.8402877,CRYPTO_NODE,ECC,70,111.5,100.0
1786389349.9483244,CRYPTO_NODE,ECC,71,111.53,100.0
1786389350.0602121,CRYPTO_NODE,ECC,72,111.46,100.0
1786389350.2739484,CRYPTO_NODE,ECC,73,111.53,100.0
1786389350.381605,CRYPTO_NODE,ECC,74,111.62,100.0
1786389350.4885995,CRYPTO_NODE,ECC,75,111.55,100.0
1786389350.5964851,CRYPTO_NODE,ECC,76,111.38,100.0
1786389350.7023432,CRYPTO_NODE,ECC,77,111.63,100.0
1786389350.8094325,CRYPTO_NODE,ECC,78,111.52,100.0
1786389350.9170225,CRYPTO_NODE,ECC,79,111.66,100.0
1786389351.033524,CRYPTO_NODE,ECC,80,111.62,100.0
1786389354.0829408,CRYPTO_NODE,ECC,81,111.69,100.0
1786389362.1144164,CRYPTO_NODE,ZKP,0,334.64,100.0
1786389362.1199713,CRYPTO_NODE,ZKP,1,334.69,100.0
1786389362.1255403,CRYPTO_NODE,ZKP,2,334.77,100.0
1786389362.1311667,CRYPTO_NODE,ZKP,3,334.79,100.0
1786389362.1366942,CRYPTO_NODE,ZKP,4,334.59,100.0
1786389362.1422777,CRYPTO_NODE,ZKP,5,334.37,100.0
1786389362.1479952,CRYPTO_NODE,ZKP,6,334.81,100.0
1786389362.2553675,CRYPTO_NODE,ZKP,7,334.87,100.0
1786389362.361959,CRYPTO_NODE,ZKP,8,334.71,100.0
1786389362.5223048,CRYPTO_NODE,ZKP,9,334.76,100.0
1786389362.8655422,CRYPTO_NODE,ZKP,10,334.88,100.0
1786389363.2084763,CRYPTO_NODE,ZKP,11,334.84,100.0
1786389363.551663,CRYPTO_NODE,ZKP,12,334.33,100.0
1786389363.8953843,CRYPTO_NODE,ZKP,13,334.43,100.0
1786389364.2377439,CRYPTO_NODE,ZKP,14,334.72,100.0
1786389364.447395,CRYPTO_NODE,ECC,0,111.38,100.0
1786389364.5549917,CRYPTO_NODE,ECC,1,111.42,100.0
1786389364.6624038,CRYPTO_NODE,ECC,2,111.47,100.0
1786389364.769041,CRYPTO_NODE,ECC,3,111.48,100.0
1786389364.8762915,CRYPTO_NODE,ECC,4,111.56,100.0
1786389364.9827697,CRYPTO_NODE,ECC,5,111.51,100.0
1786389365.0924423,CRYPTO_NODE,ECC,6,111.69,100.0
1786389365.2114027,CRYPTO_NODE,ECC,7,111.61,100.0
1786389365.336423,CRYPTO_NODE,ECC,8,111.51,100.0
1786389365.456518,CRYPTO_NODE,ECC,9,111.55,100.0
1786389365.5795856,CRYPTO_NODE,ECC,10,111.54,100.0
1786389365.7014508,CRYPTO_NODE,ECC,11,111.64,100.0
1786389365.8234634,CRYPTO_NODE,ECC,12,111.5,100.0
1786389365.9438224,CRYPTO_NODE,ECC,13,111.53,100.0
1786389366.0667648,CRYPTO_NODE,ECC,14,111.55,100.0
1786389366.1891813,CRYPTO_NODE,ECC,15,111.45,100.0
1786389366.4016018,CRYPTO_NODE,ECC,16,111.52,100.0
1786389366.5082731,CRYPTO_NODE,ECC,17,111.46,100.0
1786389366.61565,CRYPTO_NODE,ECC,18,111.47,100.0
1786389366.7225697,CRYPTO_NODE,ECC,19,111.62,100.0
1786389366.8301964,CRYPTO_NODE,ECC,20,111.71,100.0
1786389366.9367988,CRYPTO_NODE,ECC,21,111.44,100.0
1786389367.0434215,CRYPTO_NODE,ECC,22,111.52,100.0
1786389367.1652398,CRYPTO_NODE,ECC,23,111.47,100.0
1786389367.3829205,CRYPTO_NODE,ECC,24,111.58,100.0
1786389367.490428,CRYPTO_NODE,ECC,25,111.32,100.0
1786389367.5973082,CRYPTO_NODE,ECC,26,111.57,100.0
1786389367.7039,CRYPTO_NODE,ECC,27,111.48,100.0
1786389367.810657,CRYPTO_NODE,ECC,28,111.59,100.0
1786389367.9181902,CRYPTO_NODE,ECC,29,111.7,100.0
1786389368.0247474,CRYPTO_NODE,ECC,30,111.43,100.0
1786389368.1407025,CRYPTO_NODE,ECC,31,111.59,100.0
1786389368.3523273,CRYPTO_NODE,ECC,32,111.61,100.0
1786389368.4590368,CRYPTO_NODE,ECC,33,111.53,100.0
1786389368.5656722,CRYPTO_NODE,ECC,34,111.44,100.0
1786389368.6732993,CRYPTO_NODE,ECC,35,111.62,100.0
1786389368.7810173,CRYPTO_NODE,ECC,36,111.59,100.0
1786389368.8882325,CRYPTO_NODE,ECC,37,111.51,100.0
1786389368.995845,CRYPTO_NODE,ECC,38,111.6,100.0
1786389369.1163344,CRYPTO_NODE,ECC,39,111.42,100.0
1786389369.2394066,CRYPTO_NODE,ECC,40,111.47,100.0
1786389369.3610375,CRYPTO_NODE,ECC,41,111.5,100.0
1786389369.4824307,CRYPTO_NODE,ECC,42,111.58,100.0
1786389369.605279,CRYPTO_NODE,ECC,43,111.62,100.0
1786389369.726713,CRYPTO_NODE,ECC,44,111.57,100.0
1786389369.847523,CRYPTO_NODE,ECC,45,111.56,100.0
1786389369.9694285,CRYPTO_NODE,ECC,46,111.53,100.0
1786389370.09253,CRYPTO_NODE,ECC,47,111.45,100.0
1786389370.2129054,CRYPTO_NODE,ECC,48,111.43,100.0
1786389370.3352013,CRYPTO_NODE,ECC,49,111.35,100.0
1786389370.4545984,CRYPTO_NODE,ECC,50,111.38,100.0
1786389370.5768168,CRYPTO_NODE,ECC,51,111.43,100.0
1786389370.6994221,CRYPTO_NODE,ECC,52,111.48,100.0
1786389370.820549,CRYPTO_NODE,ECC,53,111.65,100.0
1786389370.9430742,CRYPTO_NODE,ECC,54,111.52,100.0
1786389371.0640934,CRYPTO_NODE,ECC,55,111.57,100.0
1786389371.1880229,CRYPTO_NODE,ECC,56,111.69,100.0
1786389371.4008458,CRYPTO_NODE,ECC,57,111.53,100.0
1786389371.508327,CRYPTO_NODE,ECC,58,111.45,100.0
1786389371.6153855,CRYPTO_NODE,ECC,59,111.57,100.0
1786389371.722876,CRYPTO_NODE,ECC,60,111.49,100.0
1786389371.829678,CRYPTO_NODE,ECC,61,111.55,100.0
1786389371.9363017,CRYPTO_NODE,ECC,62,111.63,100.0
1786389372.043836,CRYPTO_NODE,ECC,63,111.52,100.0
1786389372.1629424,CRYPTO_NODE,ECC,64,111.57,100.0
1786389372.3805833,CRYPTO_NODE,ECC,65,111.49,100.0
1786389372.4879262,CRYPTO_NODE,ECC,66,111.63,100.0
1786389372.5945184,CRYPTO_NODE,ECC,67,111.48,100.0
1786389372.7015798,CRYPTO_NODE,ECC,68,111.47,100.0
1786389372.8085136,CRYPTO_NODE,ECC,69,111.49,100.0
1786389372.915887,CRYPTO_NODE,ECC,70,111.55,100.0
1786389373.022544,CRYPTO_NODE,ECC,71,111.63,100.0
1786389373.1400201,CRYPTO_NODE,ECC,72,111.54,100.0
1786389373.351321,CRYPTO_NODE,ECC,73,111.66,100.0
1786389373.4579277,CRYPTO_NODE,ECC,74,111.66,100.0
1786389373.5655882,CRYPTO_NODE,ECC,75,111.45,100.0
1786389373.673285,CRYPTO_NODE,ECC,76,111.46,100.0
1786389373.780892,CRYPTO_NODE,ECC,77,111.61,100.0
1786389373.8884695,CRYPTO_NODE,ECC,78,111.58,100.0
1786389373.9952464,CRYPTO_NODE,ECC,79,111.56,100.0
1786389374.1152005,CRYPTO_NODE,ECC,80,111.6,100.0
1786389377.1548924,CRYPTO_NODE,ECC,81,111.69,100.0
