request_id,execution_time_ns,success
1,9692985,1
2,9704930,1
3,9466690,1
4,9846726,1
5,9669874,1
6,9610652,1
7,9899632,1
8,9373913,1
9,9541264,1
10,9682560,1
11,9433487,1
12,9638856,1
13,9516431,1
14,9678986,1
15,9707060,1
16,9638153,1
17,9856873,1
18,9901244,1
19,9851689,1
20,9757707,1
21,9788725,1
22,9503579,1
23,9703911,1
24,10008484,1
25,9703411,1
26,9738652,1
27,9564190,1
28,9772522,1
29,9581801,1
30,9763337,1
31,9642374,1
32,9740096,1
33,9656912,1
34,9665689,1
35,9448505,1
36,9562838,1
37,9911262,1
38,9623227,1
39,9761578,1
40,9761281,1
41,9526912,1
42,9432524,1
43,10053539,1
44,9826707,1
45,9551319,1
46,9556894,1
47,9556208,1
48,9482171,1
49,9458227,1
50,9713207,1
51,9994873,1
52,9802170,1
53,9521190,1
54,9595486,1
55,9786781,1
56,9558986,1
57,9407635,1
58,9534875,1
59,9746300,1
60,9827911,1
61,9670597,1
62,9635022,1
63,9921595,1
64,9733652,1
65,9568689,1
66,9872521,1
67,9725837,1
68,9542875,1
69,9886892,1
70,9354876,1
71,9392672,1
72,9517523,1
73,9758670,1
74,9717634,1
75,9760985,1
76,9635208,1
77,9892836,1
78,9826114,1
79,9598505,1
80,9478802,1
81,9379284,1
82,9848447,1
83,9634838,1
84,9434561,1
85,9721912,1
86,9425357,1
87,9451580,1
88,9514116,1
89,9510264,1
90,9297672,1
91,9608745,1
92,9802948,1
93,9734041,1
94,9587912,1
95,9754688,1
96,9586135,1
97,9626097,1
98,9543412,1
99,9470431,1
100,9711856,1
101,9643467,1
102,9591801,1
103,9792447,1
104,9352006,1
105,9413154,1
106,9564579,1
107,9882725,1
108,9690115,1
109,9862114,1
110,9588597,1
111,9668930,1
112,9499616,1
113,9609245,1
114,9673337,1
115,9764004,1
116,9413412,1
117,9692504,1
118,9404265,1
119,9561301,1
120,9838651,1
121,9594856,1
122,9905854,1
123,9543783,1
124,9753708,1
125,9825374,1
126,9558375,1
127,9814355,1
128,9602763,1
129,9691763,1
130,9634356,1
131,9886799,1
132,9756226,1
133,9725467,1
134,9393117,1
135,9736208,1
136,9410357,1
137,9604189,1
138,9612319,1
139,9828021,1
140,9717763,1
141,9738670,1
142,9693523,1
143,9365765,1
144,9591023,1
145,9614783,1
146,9989280,1
147,9662004,1
148,9716596,1
149,9614301,1
150,9581634,1
151,9806078,1
152,9764652,1
153,9485005,1
154,9698282,1
155,9497394,1
156,9546894,1
157,9775911,1
158,9405876,1
159,9670985,1
160,9629745,1
161,9432042,1
162,9499671,1
163,9807374,1
164,9818151,1
165,9646430,1
166,9586245,1
167,9800263,1
168,10068224,1
169,9865189,1
170,9481042,1
171,9597430,1
172,9646819,1
173,9577598,1
174,9702578,1
175,9518431,1
176,9705319,1
177,9774078,1
178,9548300,1
179,9812114,1
180,9609893,1
181,9812762,1
182,9636152,1
183,9508542,1
184,9809337,1
185,9520024,1
186,9660689,1
187,9703448,1
188,9238025,1
189,9612857,1
190,9659504,1
191,9717004,1
192,9816744,1
193,9543412,1
194,9639579,1
195,9617041,1
196,9799652,1
197,9669597,1
198,9492302,1
199,9613615,1
200,9647078,1
201,9711226,1
202,9783744,1
203,9512116,1
204,9631467,1
205,9154062,1
206,9365006,1
207,9684689,1
208,9711004,1
209,9486635,1
210,9310802,1
211,9626912,1
212,9744930,1
213,9345654,1
214,9492116,1
215,9552004,1
216,9898559,1
217,9575246,1
218,9640912,1
219,9328617,1
220,9713504,1
221,9505505,1
222,9749152,1
223,9545134,1
224,9638763,1
225,9872595,1
226,9310932,1
227,9742689,1
228,9521190,1
229,9707189,1
230,9808244,1
231,9675633,1
232,9447376,1
233,9610912,1
234,9420376,1
235,10011928,1
236,9835189,1
237,9634930,1
238,9591338,1
239,9739577,1
240,9534412,1
241,9572097,1
242,9365283,1
243,9284895,1
244,9673133,1
245,9793373,1
246,9800744,1
247,9761411,1
248,9551023,1
249,9626560,1
250,9597967,1
251,9240673,1
252,9448024,1
253,9511541,1
254,9798466,1
255,9681134,1
256,9519542,1
257,9632004,1
258,9442264,1
259,9732115,1
260,9639411,1
261,9686486,1
262,9729985,1
263,9698837,1
264,9708319,1
265,9579746,1
266,9679856,1
267,9523579,1
268,9663467,1
269,9310654,1
270,9537486,1
271,9844559,1
272,9273932,1
273,9809725,1
274,9653226,1
275,9442024,1
276,9662412,1
277,9645986,1
278,9769911,1
279,9568652,1
280,10006651,1
281,9840892,1
282,9731429,1
283,9805874,1
284,9721855,1
285,9706060,1
286,9648874,1
287,9760115,1
288,9691078,1
289,9958095,1
290,9722300,1
291,9506394,1
292,9752726,1
293,9956187,1
294,9609708,1
295,9724689,1
296,9580894,1
297,9856873,1
298,9477950,1
299,9367394,1
300,9630745,1
301,9785078,1
302,9692726,1
303,10089668,1
304,9453450,1
305,9481264,1
306,9697763,1
307,9481431,1
308,9599504,1
309,9685004,1
310,9448468,1
311,9272729,1
312,9596837,1
313,10044391,1
314,9764226,1
315,9670874,1
316,9915095,1
317,9504467,1
318,9666670,1
319,9818818,1
320,9555227,1
321,10044705,1
322,9679837,1
323,9472487,1
324,9668856,1
325,9480375,1
326,9675244,1
327,9422709,1
328,9659152,1
329,9639560,1
330,9552245,1
331,9530597,1
332,9609468,1
333,9798670,1
334,9745448,1
335,9624264,1
336,9571727,1
337,9337376,1
338,9657097,1
339,9710059,1
340,9930984,1
341,9449764,1
342,9590838,1
343,9414728,1
344,9803874,1
345,9702596,1
346,9680522,1
347,9541727,1
348,9623671,1
349,9689244,1
350,9539523,1
351,9921873,1
352,9578931,1
353,9446801,1
354,9403913,1
355,9586838,1
356,9648745,1
357,9588337,1
358,9891169,1
359,9723948,1
360,9773374,1
361,9581653,1
362,9572449,1
363,9507802,1
364,9582282,1
365,9637097,1
366,9696393,1
367,9719189,1
368,9486690,1
369,9490727,1
370,9444542,1
371,9662227,1
372,9549912,1
373,9834985,1
374,9752874,1
375,9516783,1
376,9862651,1
377,9723208,1
378,9617060,1
379,9657967,1
380,9874836,1
381,9848133,1
382,9711504,1
383,9719541,1
384,9648616,1
385,9630208,1
386,9705615,1
387,9689597,1
388,9693838,1
389,9402098,1
390,9826374,1
391,9695430,1
392,9710078,1
393,9469135,1
394,9621394,1
395,9678355,1
396,9651745,1
397,9754114,1
398,9746578,1
399,9778837,1
400,9754300,1
401,9708855,1
402,9657226,1
403,9371765,1
404,9619597,1
405,9489357,1
406,9677041,1
407,9559356,1
408,9433264,1
409,9651597,1
410,9671597,1
411,9678096,1
412,9675541,1
413,9520986,1
414,9580097,1
415,9479413,1
416,9309228,1
417,9986317,1
418,9670875,1
419,9683355,1
420,9706023,1
421,9538671,1
422,9539431,1
423,9878188,1
424,9856688,1
425,9677800,1
426,9777596,1
427,9839892,1
428,9432783,1
429,9619931,1
430,9687486,1
431,9565116,1
432,9588930,1
433,9334432,1
434,9528875,1
435,9613634,1
436,9669449,1
437,9520449,1
438,9343431,1
439,9632041,1
440,9837688,1
441,9795930,1
442,9639356,1
443,9658893,1
444,9730726,1
445,9639949,1
446,9821614,1
447,9981891,1
448,9364616,1
449,9770966,1
450,9581931,1
451,9607616,1
452,9473283,1
453,9873855,1
454,9704745,1
455,9736281,1
456,9373450,1
457,9548190,1
458,9439395,1
459,9528079,1
460,9752393,1
461,9649005,1
462,9555079,1
463,9854966,1
464,9657671,1
465,9554430,1
466,9902521,1
467,9405375,1
468,9587301,1
469,9685541,1
470,9835170,1
471,9708096,1
472,9802226,1
473,9655485,1
474,9867003,1
475,9499579,1
476,9694060,1
477,9465172,1
478,9798781,1
479,9363358,1
480,9387691,1
481,9696171,1
482,9546857,1
483,9550912,1
484,9832429,1
485,9634986,1
486,9827522,1
487,9812744,1
488,9410413,1
489,9731115,1
490,9677448,1
491,9628227,1
492,9773745,1
493,9746114,1
494,9648097,1
495,9643745,1
496,9751374,1
497,9395246,1
498,9632226,1
499,9146063,1
500,9785096,1
501,9857966,1
502,9668522,1
503,9344265,1
504,9834541,1
505,9601134,1
506,9605319,1
507,9567912,1
508,9758688,1
509,9737300,1
510,9550782,1
511,9631745,1
512,9675282,1
513,9210043,1
514,9544283,1
515,9711485,1
516,9667801,1
517,9507764,1
518,9850448,1
519,9500505,1
520,9643819,1
521,9554635,1
522,9654282,1
523,9737337,1
524,10009947,1
525,9461450,1
526,9776410,1
527,9591541,1
528,9825040,1
529,9697800,1
530,9920188,1
531,9753040,1
532,9636060,1
533,9624319,1
534,9676466,1
535,9546357,1
536,9779096,1
537,9590801,1
538,9762448,1
539,9773392,1
540,9293858,1
541,9796485,1
542,9748614,1
543,9657838,1
544,9240488,1
545,9442412,1
546,9739597,1
547,9575375,1
548,9706301,1
549,9441524,1
550,9758300,1
551,9751578,1
552,9838688,1
553,9580504,1
554,9558542,1
555,9781930,1
556,9752874,1
557,9526338,1
558,9697671,1
559,9756560,1
560,9771855,1
561,9864577,1
562,9748503,1
563,9717652,1
564,9656393,1
565,9976484,1
566,9471487,1
567,9807374,1
568,9559375,1
569,9762855,1
570,9904874,1
571,9467894,1
572,9446653,1
573,9798707,1
574,9829596,1
575,9611505,1
576,9684300,1
577,9696948,1
578,9432616,1
579,9476283,1
580,9548709,1
581,9632504,1
582,9647763,1
583,9168414,1
584,9886892,1
585,9621912,1
586,9393598,1
587,9812244,1
588,9751059,1
589,9835818,1
590,9717985,1
591,9941521,1
592,9654207,1
593,9833300,1
594,9550782,1
595,9739930,1
596,9585819,1
597,9568671,1
598,9948929,1
599,9749985,1
600,9760504,1
601,9802819,1
602,9843041,1
603,9375432,1
604,9616023,1
605,9508764,1
606,9729744,1
607,9366561,1
608,9829985,1
609,9795744,1
610,9506246,1
611,9822095,1
612,9700041,1
613,9474839,1
614,9712689,1
615,9680893,1
616,9537450,1
617,9524708,1
618,9751133,1
619,9335247,1
620,9217247,1
621,9717726,1
622,9676874,1
623,9404302,1
624,9314839,1
625,9727949,1
626,9880577,1
627,10052687,1
628,9465376,1
629,9634949,1
630,9795337,1
631,9406950,1
632,9579393,1
633,9544319,1
634,9787540,1
635,9447635,1
636,9457820,1
637,9923502,1
638,9688097,1
639,9759985,1
640,9877521,1
641,9713819,1
642,9858855,1
643,9465487,1
644,9827373,1
645,9738930,1
646,9674263,1
647,9693541,1
648,9707763,1
649,9430413,1
650,9684819,1
651,9679856,1
652,9684523,1
653,9315987,1
654,9795114,1
655,9716208,1
656,9696411,1
657,9747096,1
658,9623208,1
659,9607523,1
660,9941484,1
661,9476375,1
662,9602542,1
663,9290303,1
664,9631949,1
665,9688615,1
666,9346042,1
667,9969855,1
668,9805856,1
669,9529005,1
670,9504968,1
671,9793059,1
672,9976447,1
673,9708356,1
674,9683115,1
675,9844133,1
676,9188099,1
677,9508764,1
678,9715133,1
679,9798744,1
680,9514042,1
681,9403339,1
682,9467042,1
683,9883280,1
684,9702244,1
685,9510561,1
686,9412542,1
687,9748485,1
688,9502857,1
689,9685004,1
690,10058169,1
691,9581041,1
692,9689763,1
693,9761837,1
694,9651189,1
695,9844670,1
696,9644523,1
697,9627115,1
698,9960169,1
699,9685096,1
700,9927835,1
701,9681781,1
702,9628875,1
703,9689412,1
704,9726948,1
705,9590097,1
706,9671467,1
707,9590894,1
708,9563542,1
709,9574782,1
710,9621059,1
711,9991780,1
712,9600375,1
713,9684911,1
714,9835021,1
715,9689911,1
716,9272155,1
717,9669633,1
718,9726467,1
719,9386394,1
720,9768022,1
721,9429135,1
722,9775744,1
723,9279025,1
724,9772226,1
725,9852373,1
726,9427875,1
727,9574004,1
728,9715652,1
729,9388802,1
730,9518023,1
731,9570690,1
732,9701374,1
733,9592078,1
734,9686189,1
735,9605004,1
736,9789244,1
737,9702818,1
738,9970798,1
739,9831096,1
740,9526153,1
741,9635596,1
742,9350394,1
743,9867799,1
744,9629467,1
745,9803059,1
746,9678486,1
747,9554672,1
748,9641171,1
749,9656930,1
750,9464912,1
751,9925484,1
752,9626300,1
753,9625985,1
754,9176636,1
755,9401116,1
756,9784115,1
757,9594746,1
758,9599227,1
759,9422913,1
760,9682467,1
761,9497468,1
762,9698652,1
763,9852799,1
764,9526430,1
765,9524672,1
766,9767485,1
767,9950799,1
768,9645653,1
769,9803263,1
770,9897392,1
771,9708430,1
772,9682726,1
773,9579745,1
774,9719318,1
775,9760522,1
776,9913892,1
777,9634412,1
778,9816114,1
779,9775078,1
780,9685633,1
781,9499579,1
782,9604226,1
783,9924077,1
784,9459727,1
785,9561838,1
786,9563227,1
787,9795281,1
788,9666060,1
789,10026632,1
790,9555079,1
791,9968429,1
792,9615004,1
793,9616504,1
794,9307117,1
795,9553764,1
796,9452783,1
797,9671449,1
798,9658374,1
799,9759281,1
800,9582986,1
801,9757411,1
802,9623930,1
803,9663615,1
804,9731504,1
805,9827392,1
806,9272617,1
807,9179395,1
808,9981076,1
809,9617023,1
810,9844651,1
811,9467598,1
812,9421080,1
813,9681782,1
814,9823762,1
815,9574764,1
816,9721726,1
817,9830244,1
818,9715115,1
819,9726041,1
820,9535190,1
821,9695726,1
822,9696041,1
823,9771355,1
824,9764651,1
825,9519634,1
826,9722059,1
827,9683152,1
828,9883373,1
829,9260136,1
830,9485801,1
831,9784855,1
832,9675541,1
833,9839281,1
834,9545671,1
835,9982502,1
836,9404209,1
837,9715652,1
838,9445357,1
839,9608893,1
840,9799430,1
841,9393968,1
842,9815244,1
843,9689189,1
844,9842337,1
845,9618171,1
846,9588060,1
847,9678226,1
848,9625485,1
849,9681097,1
850,9674097,1
851,9486320,1
852,9441764,1
853,9715744,1
854,9393006,1
855,9904095,1
856,9859022,1
857,9681838,1
858,9595689,1
859,9651856,1
860,9831929,1
861,9718986,1
862,9530320,1
863,9808707,1
864,9442764,1
865,9828207,1
866,9835114,1
867,9542708,1
868,9770430,1
869,9745689,1
870,9493431,1
871,9256710,1
872,9659208,1
873,9505931,1
874,9842244,1
875,9511524,1
876,9605708,1
877,9488450,1
878,9813596,1
879,9619985,1
880,9787263,1
881,9881429,1
882,9714689,1
883,9948003,1
884,9624893,1
885,9465949,1
886,9743466,1
887,9703967,1
888,9588671,1
889,9671633,1
890,9733300,1
891,9587005,1
892,9459690,1
893,9687949,1
894,9589893,1
895,9646171,1
896,9780300,1
897,9462506,1
898,9455579,1
899,9825910,1
900,9483709,1
901,9559004,1
902,9535042,1
903,9562486,1
904,9690245,1
905,9721318,1
906,9562746,1
907,9783855,1
908,9630912,1
909,9631300,1
910,9601041,1
911,9689893,1
912,9731874,1
913,9895170,1
914,9576616,1
915,9136711,1
916,9746633,1
917,9713597,1
918,9576005,1
919,9445617,1
920,9449005,1
921,9643041,1
922,9684689,1
923,9615005,1
924,9527838,1
925,9457524,1
926,9650115,1
927,9679430,1
928,9684374,1
929,9774114,1
930,9605337,1
931,9407802,1
932,9708615,1
933,9760207,1
934,10060668,1
935,9448672,1
936,9768985,1
937,9514542,1
938,9974724,1
939,9793411,1
940,9639782,1
941,9358395,1
942,9846521,1
943,9447839,1
944,9693578,1
945,9419728,1
946,9505968,1
947,9710337,1
948,9652930,1
949,9806040,1
950,9496135,1
951,9386820,1
952,9629282,1
953,9786208,1
954,9832133,1
955,9773485,1
956,9738486,1
957,9544764,1
958,9610764,1
959,9668096,1
960,9568912,1
961,9997651,1
962,9549542,1
963,9331191,1
964,9853633,1
965,9867744,1
966,9739522,1
967,9651764,1
968,9686782,1
969,9663523,1
970,9824244,1
971,9585116,1
972,9514486,1
973,9601375,1
974,9821948,1
975,9564152,1
976,9677634,1
977,9876059,1
978,9725097,1
979,9982336,1
980,9625337,1
981,9696596,1
982,9822873,1
983,9445709,1
984,9770596,1
985,9808633,1
986,9801670,1
987,9634096,1
988,9385543,1
989,9618282,1
990,9490764,1
991,9931170,1
992,9696393,1
993,9808448,1
994,9727022,1
995,9532468,1
996,9649282,1
997,9605727,1
998,9379784,1
999,9735282,1
1000,9848799,1
