timestamp_sec,timestamp_nanosec,trust_score,shoulder_pan_pos,shoulder_lift_pos,elbow_pos,wrist_1_pos,wrist_2_pos,wrist_3_pos,shoulder_pan_vel,shoulder_lift_vel,elbow_vel,wrist_1_vel,wrist_2_vel,wrist_3_vel,imu_ax_raw,imu_ay_raw,imu_az_raw,imu_ax_ema,imu_ay_ema,imu_az_ema,attack_active
1786048530,554058551,100.0,-1.6675551573382776,-1.6419032255755823,-1.1326773802386683,-4.6177948156939905,-4.890387598668234,0.598298192024231,0.005023787263780832,0.004704207647591829,0.0,0.0,0.0,-0.010648383758962154,0.0,0.0,0.0,0.0,0.0,0.0,0
1786048530,574187755,100.0,-1.6674593130694788,-1.6417587439166468,-1.1326897780047815,-4.6177828947650355,-4.890363637601034,0.598070502281189,0.0055095478892326355,0.0062765381298959255,0.0,0.0,0.0,-0.009280583821237087,0.0,0.0,0.0,0.0,0.0,0.0,0
1786048530,595253229,100.0,-1.6675069967852991,-1.6417830626117151,-1.1327136198626917,-4.6177948156939905,-4.890375677739279,0.5979746580123901,0.0,0.001636246219277382,0.0,0.0,0.0,-0.003502589650452137,0.0,0.0,0.0,0.0,0.0,0.0,0
1786048530,614339351,100.0,-1.6675313154803675,-1.6417110602008265,-1.1327016989337366,-4.6177348534213465,-4.890339676533834,0.5979387164115906,0.0,0.0003707120195031166,0.0,0.0,0.0,-0.0018279937794432044,0.0,0.0,0.0,0.0,0.0,0.0,0
1786048530,634973526,100.0,-1.6675069967852991,-1.6417949835406702,-1.1326897780047815,-4.617770854626791,-4.890399638806478,0.59798663854599,0.0,0.0003707120195031166,0.0,0.0,0.0,-0.0011760519118979573,0.0,0.0,0.0,0.0,0.0,0.0,0
1786048530,654318332,100.0,-1.6674473921405237,-1.6417587439166468,-1.1327016989337366,-4.6177828947650355,-4.890399638806478,0.5978787541389465,0.02569417841732502,0.02540016546845436,0.0,0.0,0.0,-0.03145939111709595,0.0,0.0,0.0,0.0,0.0,0.0,0
1786048530,674674510,100.0,-1.6670635382281702,-1.6412199179278772,-1.1326773802386683,-4.617770854626791,-4.890351716672079,0.5971361398696899,0.018701782450079918,0.022830747067928314,0.0,0.0,0.0,-0.03581845387816429,0.0,0.0,0.0,0.0,0.0,0.0,0
1786048530,694198608,100.0,-1.6666796843158167,-1.6407044569598597,-1.1327016989337366,-4.617770854626791,-4.890351716672079,0.5965129137039185,0.0290050208568573,0.03593350201845169,0.0,0.0,0.0,-0.04890842363238335,0.0,0.0,0.0,0.0,0.0,0.0,0
1786048530,714350223,100.0,-1.6657684485064905,-1.639709774647848,-1.1327016989337366,-4.6177828947650355,-4.890412036572592,0.5949429869651794,0.04043317958712578,0.04734887555241585,0.0,0.0,0.0,-0.0702051892876625,0.0,0.0,0.0,0.0,0.0,0.0,0
1786048530,734162092,100.0,-1.665060822163717,-1.6388819853412073,-1.1326897780047815,-4.617806855832235,-4.890399638806478,0.5936962962150574,0.04898511990904808,0.054622501134872437,0.0,0.0,0.0,-0.08163334429264069,0.0,0.0,0.0,0.0,0.0,0.0,0
1786048530,754586935,100.0,-1.663729492818014,-1.6373956839190882,-1.1327136198626917,-4.617806855832235,-4.890387598668234,0.5915035605430603,0.056412145495414734,0.06553933024406433,0.0,0.0,0.0,-0.10043739527463913,0.0,0.0,0.0,0.0,0.0,0.0,0
1786048530,774258852,100.0,-1.6627939383136194,-1.636233154927389,-1.1327136198626917,-4.617770854626791,-4.890412036572592,0.5897302627563477,0.06307217478752136,0.07593204826116562,0.0,0.0,0.0,-0.11644192785024643,0.0,0.0,0.0,0.0,0.0,0.0,0
1786048530,794452667,100.0,-1.6611631552325647,-1.6342070738421839,-1.1327255407916468,-4.6177828947650355,-4.890387598668234,0.586722195148468,0.07432137429714203,0.09019806981086731,0.0,0.0,0.0,-0.1387230008840561,0.0,0.0,0.0,0.0,0.0,0.0,0
1786048530,814232349,100.0,-1.6598437468158167,-1.6327207724200647,-1.132749382649557,-4.6177828947650355,-4.890387598668234,0.5843493342399597,0.08271991461515427,0.09782962501049042,0.0,0.0,0.0,-0.15573740005493164,0.0,0.0,0.0,0.0,0.0,0.0,0
1786048530,835320234,100.0,-1.6575420538531702,-1.6301558653460901,-1.1327374617206019,-4.617830816899435,-4.890387598668234,0.580346941947937,0.09867331385612488,0.11268367618322372,0.0,0.0,0.0,-0.17621605098247528,0.0,0.0,0.0,0.0,0.0,0.0,0
1786048530,854343414,100.0,-1.655886475239889,-1.628237549458639,-1.1327255407916468,-4.61781877676119,-4.890399638806478,0.577494740486145,0.1048092395067215,0.1258503496646881,0.0,0.0,0.0,-0.19346055388450623,0.0,0.0,0.0,0.0,0.0,0.0,0
1786048530,874789237,100.0,-1.6531766096698206,-1.6250374952899378,-1.1327374617206019,-4.6177348534213465,-4.890351716672079,0.572641134262085,0.11754128336906433,0.14143303036689758,0.0,0.0,0.0,-0.2165469527244568,0.0,0.0,0.0,0.0,0.0,0.0,0
1786048530,894173622,100.0,-1.6512215773211878,-1.6226404348956507,-1.132761303578512,-4.617770854626791,-4.890412036572592,0.5690222382545471,0.12725649774074554,0.1500488966703415,0.0,0.0,0.0,-0.23298612236976624,0.0,0.0,0.0,0.0,0.0,0.0,0
1786048530,915336370,100.0,-1.648032013569967,-1.6189244429217737,-1.132749382649557,-4.6177828947650355,-4.890375677739279,0.5630900859832764,0.14196991920471191,0.16814985871315002,0.0,0.0,0.0,-0.25834792852401733,0.0,0.0,0.0,0.0,0.0,0.0,0
1786048530,934417724,100.0,-1.6457536856280726,-1.6161912123309534,-1.1327374617206019,-4.617758814488546,-4.890375677739279,0.5587041974067688,0.15210698544979095,0.1795268952846527,0.0,0.0,0.0,-0.27858370542526245,0.0,0.0,0.0,0.0,0.0,0.0,0
1786048530,954706907,100.0,-1.6419881025897425,-1.6116240660296839,-1.1326897780047815,-4.61781877676119,-4.890447918568746,0.551885187625885,0.1665136218070984,0.19871443510055542,0.0,0.0,0.0,-0.3023476302623749,0.0,0.0,0.0,0.0,0.0,0.0,0
1786048530,974220275,100.0,-1.639289681111471,-1.608352009450094,-1.1327374617206019,-4.6177948156939905,-4.890423957501547,0.5469716787338257,0.17727704346179962,0.21070504188537598,0.0,0.0,0.0,-0.32098549604415894,0.0,0.0,0.0,0.0,0.0,0.0,0
1786048530,994944810,100.0,-1.6347573439227503,-1.6029937903033655,-1.1327136198626917,-4.617746893559591,-4.890375677739279,0.5390860438346863,0.19347332417964935,0.22656896710395813,0.0,0.0,0.0,-0.35033565759658813,0.0,0.0,0.0,0.0,0.0,0.0,0
1786048531,14261722,100.0,-1.6315911451922815,-1.5991700331317347,-1.132749382649557,-4.6177948156939905,-4.890351716672079,0.5333096385002136,0.2035464644432068,0.23738352954387665,0.0,0.0,0.0,-0.3707248270511627,0.0,0.0,0.0,0.0,0.0,0.0,0
1786048531,34975528,100.0,-1.6264107863055628,-1.5931885878192347,-1.1327255407916468,-4.6177828947650355,-4.890351716672079,0.5241173505783081,0.21947430074214935,0.2565327286720276,0.0,0.0,0.0,-0.4008803069591522,0.0,0.0,0.0,0.0,0.0,0.0,0
1786048531,54255962,100.0,-1.6228016058551233,-1.5890777746783655,-1.1326897780047815,-4.617770854626791,-4.890363637601034,0.5177417397499084,0.21682818233966827,0.25760650634765625,0.0,0.0,0.0,-0.39842596650123596,0.0,0.0,0.0,0.0,0.0,0.0,0
1786048531,74597358,100.0,-1.6174896399127405,-1.5831921736346644,-1.1327374617206019,-4.617770854626791,-4.890387598668234,0.5082262754440308,0.22288741171360016,0.26407480239868164,0.0,0.0,0.0,-0.4051626920700073,0.0,0.0,0.0,0.0,0.0,0.0,0
1786048531,94193696,100.0,-1.613903824483053,-1.5789011160479944,-1.1327255407916468,-4.617758814488546,-4.890375677739279,0.5018027424812317,0.22483044862747192,0.2645605504512787,0.0,0.0,0.0,-0.4075659215450287,0.0,0.0,0.0,0.0,0.0,0.0,0
1786048531,114589691,100.0,-1.608675781880514,-1.5724528471576136,-1.1327374617206019,-4.6177948156939905,-4.890435997639791,0.4919992685317993,0.2249966412782669,0.26753902435302734,0.0,0.0,0.0,-0.41082563996315,0.0,0.0,0.0,0.0,0.0,0.0,0
1786048531,134252786,100.0,-1.6051862875567835,-1.5681737104998987,-1.132749382649557,-4.617770854626791,-4.890399638806478,0.4855150580406189,0.2240123301744461,0.26569825410842896,0.0,0.0,0.0,-0.4149801731109619,0.0,0.0,0.0,0.0,0.0,0.0,0
1786048531,155048847,100.0,-1.5997660795794886,-1.5617488066302698,-1.1327136198626917,-4.6177948156939905,-4.890363637601034,0.475639671087265,0.231413796544075,0.27024906873703003,0.0,0.0,0.0,-0.41972270607948303,0.0,0.0,0.0,0.0,0.0,0.0,0
1786048531,174264669,100.0,-1.5959890524493616,-1.5574939886676233,-1.1327374617206019,-4.6177948156939905,-4.890412036572592,0.46893975138664246,0.22977754473686218,0.27072206139564514,0.0,0.0,0.0,-0.4219725430011749,0.0,0.0,0.0,0.0,0.0,0.0,0
1786048531,195079326,100.0,-1.5903170744525355,-1.5509136358844202,-1.1327016989337366,-4.6177948156939905,-4.890387598668234,0.45881232619285583,0.23395764827728271,0.27753546833992004,0.0,0.0,0.0,-0.422483891248703,0.0,0.0,0.0,0.0,0.0,0.0,0
1786048531,214265584,100.0,-1.5865281263934534,-1.5465267340289515,-1.1327136198626917,-4.617806855832235,-4.890399638806478,0.45212435722351074,0.23820164799690247,0.2766534388065338,0.0,0.0,0.0,-0.4250916540622711,0.0,0.0,0.0,0.0,0.0,0.0,0
1786048531,235028982,100.0,-1.5810006300555628,-1.5397308508502405,-1.1326659361468714,-4.617758814488546,-4.890399638806478,0.4418647587299347,0.23517204821109772,0.2785453498363495,0.0,0.0,0.0,-0.4268812835216522,0.0,0.0,0.0,0.0,0.0,0.0,0
1786048531,254126787,100.0,-1.5773070494281214,-1.5352957884417933,-1.1327255407916468,-4.617758814488546,-4.890387598668234,0.43490153551101685,0.23467350006103516,0.27690911293029785,0.0,0.0,0.0,-0.4250916540622711,0.0,0.0,0.0,0.0,0.0,0.0,0
1786048531,275067806,100.0,-1.5718038717852991,-1.528680149708883,-1.1326773802386683,-4.617758814488546,-4.890375677739279,0.42461758852005005,0.23386815190315247,0.27615490555763245,0.0,0.0,0.0,-0.4219725430011749,0.0,0.0,0.0,0.0,0.0,0.0,0
1786048531,294180393,100.0,-1.5680025259601038,-1.524377171193258,-1.1327136198626917,-4.617830816899435,-4.890423957501547,0.41783374547958374,0.23243644833564758,0.2769857943058014,0.0,0.0,0.0,-0.424388587474823,0.0,0.0,0.0,0.0,0.0,0.0,0
1786048531,314653873,100.0,-1.5622466246234339,-1.5177610556231897,-1.1327136198626917,-4.617770854626791,-4.890387598668234,0.4076336920261383,0.23578563332557678,0.28211185336112976,0.0,0.0,0.0,-0.42229214310646057,0.0,0.0,0.0,0.0,0.0,0.0,0
1786048531,334363937,100.0,-1.5583975950824183,-1.5133503119098108,-1.1327136198626917,-4.61784273782839,-4.890375677739279,0.4007416367530823,0.23682107031345367,0.2806801497936249,0.0,0.0,0.0,-0.42298242449760437,0.0,0.0,0.0,0.0,0.0,0.0,0
1786048531,354384899,100.0,-1.5527265707599085,-1.5065544287311,-1.1326773802386683,-4.6177828947650355,-4.890447918568746,0.3905056118965149,0.2391987442970276,0.27955523133277893,0.0,0.0,0.0,-0.4209115505218506,0.0,0.0,0.0,0.0,0.0,0.0,0
1786048531,374161005,100.0,-1.5489972273456019,-1.502131764088766,-1.1326659361468714,-4.617758814488546,-4.890399638806478,0.3836494982242584,0.24004243314266205,0.2794145941734314,0.0,0.0,0.0,-0.4201573431491852,0.0,0.0,0.0,0.0,0.0,0.0,0
1786048531,395167589,100.0,-1.5435059706317347,-1.4955757300006312,-1.1327136198626917,-4.6177948156939905,-4.890375677739279,0.37340110540390015,0.23270489275455475,0.2753112018108368,0.0,0.0,0.0,-0.41737061738967896,0.0,0.0,0.0,0.0,0.0,0.0,0
1786048531,414172649,100.0,-1.53986102739443,-1.4912012259112757,-1.1327255407916468,-4.617830816899435,-4.890375677739279,0.366580605506897,0.23262819647789001,0.2753112018108368,0.0,0.0,0.0,-0.41632238030433655,0.0,0.0,0.0,0.0,0.0,0.0,0
1786048531,435137271,100.0,-1.534297291432516,-1.4846208731280726,-1.1327856222735804,-4.6177828947650355,-4.890363637601034,0.35666775703430176,0.23003320395946503,0.274326890707016,0.0,0.0,0.0,-0.41165652871131897,0.0,0.0,0.0,0.0,0.0,0.0,0
1786048531,454328060,100.0,-1.5305083433734339,-1.4802230040179651,-1.1327016989337366,-4.6177828947650355,-4.890387598668234,0.3500513434410095,0.23019938170909882,0.27419906854629517,0.0,0.0,0.0,-0.4136379361152649,0.0,0.0,0.0,0.0,0.0,0.0,0
1786048531,474355936,100.0,-1.5247414747821253,-1.473414723073141,-1.132749382649557,-4.617758814488546,-4.890423957501547,0.3399224281311035,0.23361249268054962,0.2719108760356903,0.0,0.0,0.0,-0.4131649434566498,0.0,0.0,0.0,0.0,0.0,0.0,0
1786048531,494203805,100.0,-1.5209649244891565,-1.4691365400897425,-1.1327136198626917,-4.61781877676119,-4.890423957501547,0.33325809240341187,0.23262819647789001,0.26847222447395325,0.0,0.0,0.0,-0.40737417340278625,0.0,0.0,0.0,0.0,0.0,0.0,0
1786048531,514534473,100.0,-1.51556903520693,-1.4626644293414515,-1.1326540152179163,-4.617770854626791,-4.890387598668234,0.32352426648139954,0.22863984107971191,0.26743677258491516,0.0,0.0,0.0,-0.40494537353515625,0.0,0.0,0.0,0.0,0.0,0.0,0
1786048531,534350872,100.0,-1.5119360128985804,-1.458541218434469,-1.1326659361468714,-4.617770854626791,-4.890387598668234,0.3170512914657593,0.22425521910190582,0.2638702690601349,0.0,0.0,0.0,-0.4025549292564392,0.0,0.0,0.0,0.0,0.0,0.0,0
1786048531,554316997,100.0,-1.5068286100970667,-1.4522612730609339,-1.132749382649557,-4.617770854626791,-4.890387598668234,0.3073418140411377,0.21590779721736908,0.26009923219680786,0.0,0.0,0.0,-0.39626559615135193,0.0,0.0,0.0,0.0,0.0,0.0,0
1786048531,574173212,100.0,-1.5033395926104944,-1.4481146971331995,-1.1326897780047815,-4.617830816899435,-4.890363637601034,0.301048219203949,0.21670036017894745,0.2584629952907562,0.0,0.0,0.0,-0.39257127046585083,0.0,0.0,0.0,0.0,0.0,0.0,0
1786048531,594297170,100.0,-1.4980157057391565,-1.4418585936175745,-1.1327255407916468,-4.6177348534213465,-4.890387598668234,0.2917937934398651,0.2177741378545761,0.2537843585014343,0.0,0.0,0.0,-0.3896055519580841,0.0,0.0,0.0,0.0,0.0,0.0,0
1786048531,614168643,100.0,-1.4944551626788538,-1.4377358595477503,-1.1326773802386683,-4.6177828947650355,-4.890363637601034,0.28553688526153564,0.21831104159355164,0.2537843585014343,0.0,0.0,0.0,-0.3908711075782776,0.0,0.0,0.0,0.0,0.0,0.0,0
1786048531,635086774,100.0,-1.489227596913473,-1.4317072073565882,-1.1326897780047815,-4.617758814488546,-4.890435997639791,0.27631840109825134,0.2177741378545761,0.2514066696166992,0.0,0.0,0.0,-0.3838914930820465,0.0,0.0,0.0,0.0,0.0,0.0,0
1786048531,654188394,100.0,-1.4859193007098597,-1.4278729597674769,-1.1327016989337366,-4.617770854626791,-4.890363637601034,0.2701922357082367,0.21300601959228516,0.24767398834228516,0.0,0.0,0.0,-0.3737160861492157,0.0,0.0,0.0,0.0,0.0,0.0,0
1786048531,674878358,100.0,-1.4810751120196741,-1.4220598379718226,-1.1327255407916468,-4.617746893559591,-4.890399638806478,0.26130929589271545,0.20192301273345947,0.2395566701889038,0.0,0.0,0.0,-0.37101882696151733,0.0,0.0,0.0,0.0,0.0,0.0,0
1786048531,694254875,100.0,-1.4779217878924769,-1.4181526342975062,-1.1326773802386683,-4.617770854626791,-4.890412036572592,0.25554338097572327,0.19879113137722015,0.2363736629486084,0.0,0.0,0.0,-0.3647422790527344,0.0,0.0,0.0,0.0,0.0,0.0,0
1786048531,714327096,100.0,-1.4731863180743616,-1.4124720732318323,-1.1326897780047815,-4.61784273782839,-4.890435997639791,0.2468162477016449,0.19480277597904205,0.23012268543243408,0.0,0.0,0.0,-0.3586830794811249,0.0,0.0,0.0,0.0,0.0,0.0,0
1786048531,734201669,100.0,-1.470020596181051,-1.4087331930743616,-1.1327016989337366,-4.617746893559591,-4.890412036572592,0.24114583432674408,0.19094225764274597,0.2269013226032257,0.0,0.0,0.0,-0.3528667092323303,0.0,0.0,0.0,0.0,0.0,0.0,0
1786048531,755302190,100.0,-1.4652255217181605,-1.403327767048971,-1.1327374617206019,-4.617806855832235,-4.890387598668234,0.23284974694252014,0.19273190200328827,0.22304080426692963,0.0,0.0,0.0,-0.34299811720848083,0.0,0.0,0.0,0.0,0.0,0.0,0
1786048531,774198770,100.0,-1.4620841185199183,-1.3997085730182093,-1.1326897780047815,-4.617770854626791,-4.890399638806478,0.22753924131393433,0.19016249477863312,0.21924421191215515,0.0,0.0,0.0,-0.338242769241333,0.0,0.0,0.0,0.0,0.0,0.0,0
1786048531,794937372,100.0,-1.457672421132223,-1.3946030775653284,-1.1326659361468714,-4.6177828947650355,-4.890387598668234,0.21954314410686493,0.18127818405628204,0.21212397515773773,0.0,0.0,0.0,-0.3268657326698303,0.0,0.0,0.0,0.0,0.0,0.0,0
1786048531,814185380,100.0,-1.4548786322223108,-1.3912957350360315,-1.1326773802386683,-4.6177948156939905,-4.890423957501547,0.21429181098937988,0.17456701397895813,0.2099636197090149,0.0,0.0,0.0,-0.3242068588733673,0.0,0.0,0.0,0.0,0.0,0.0,0
1786048531,834721565,100.0,-1.4509227911578577,-1.3863824049579065,-1.1327016989337366,-4.617770854626791,-4.890423957501547,0.2067035436630249,0.1677408069372177,0.2040194422006607,0.0,0.0,0.0,-0.30880311131477356,0.0,0.0,0.0,0.0,0.0,0.0,0
1786048531,854183912,100.0,-1.4483326117144983,-1.3831709066974085,-1.1327255407916468,-4.617758814488546,-4.890412036572592,0.20191995799541473,0.16497963666915894,0.19455990195274353,0.0,0.0,0.0,-0.30440571904182434,0.0,0.0,0.0,0.0,0.0,0.0,0
1786048531,875219106,100.0,-1.4444482962237757,-1.3784964720355433,-1.1326659361468714,-4.617770854626791,-4.890435997639791,0.1949065774679184,0.15978966653347015,0.19219501316547394,0.0,0.0,0.0,-0.28989681601524353,0.0,0.0,0.0,0.0,0.0,0.0,0
1786048531,894237518,100.0,-1.4417513052569788,-1.3755129019366663,-1.1326897780047815,-4.61781877676119,-4.890412036572592,0.19030313193798065,0.15741199254989624,0.185522198677063,0.0,0.0,0.0,-0.2861129939556122,0.0,0.0,0.0,0.0,0.0,0.0,0
1786048531,914638757,100.0,-1.4378426710711878,-1.3711627165423792,-1.1327255407916468,-4.617770854626791,-4.890423957501547,0.18362529575824738,0.1540372371673584,0.17867042124271393,0.0,0.0,0.0,-0.27042803168296814,0.0,0.0,0.0,0.0,0.0,0.0,0
1786048531,934254407,100.0,-1.4353373686419886,-1.368418041859762,-1.1327016989337366,-4.6177948156939905,-4.890375677739279,0.1793813854455948,0.14636734127998352,0.17354436218738556,0.0,0.0,0.0,-0.2636529505252838,0.0,0.0,0.0,0.0,0.0,0.0,0
1786048531,954297304,100.0,-1.4319923559771937,-1.3643677870379847,-1.1326897780047815,-4.617806855832235,-4.890435997639791,0.1731589436531067,0.13564226031303406,0.1638035923242569,0.0,0.0,0.0,-0.24853046238422394,0.0,0.0,0.0,0.0,0.0,0.0,0
1786048531,974219560,100.0,-1.430002514516012,-1.3618267218219202,-1.1326540152179163,-4.6177948156939905,-4.890423957501547,0.16932249069213867,0.12820245325565338,0.1568111926317215,0.0,0.0,0.0,-0.24060489237308502,0.0,0.0,0.0,0.0,0.0,0.0,0
1786048531,994448900,100.0,-1.4271248022662562,-1.3581836859332483,-1.1327255407916468,-4.617806855832235,-4.890435997639791,0.16363972425460815,0.1227823793888092,0.14694258570671082,0.0,0.0,0.0,-0.23019938170909882,0.0,0.0,0.0,0.0,0.0,0.0,0
1786048532,14211654,100.0,-1.4252308050738733,-1.3559430281268519,-1.1327255407916468,-4.617770854626791,-4.890423957501547,0.1601628065109253,0.12048140913248062,0.14090892672538757,0.0,0.0,0.0,-0.21790197491645813,0.0,0.0,0.0,0.0,0.0,0.0,0
1786048532,34972429,100.0,-1.422509495412008,-1.3525155226336878,-1.1326897780047815,-4.6177948156939905,-4.890412036572592,0.15504328906536102,0.1149207279086113,0.13302169740200043,0.0,0.0,0.0,-0.2051699310541153,0.0,0.0,0.0,0.0,0.0,0.0,0
1786048532,54204702,100.0,-1.420687500630514,-1.3504541555987757,-1.1327016989337366,-4.6177828947650355,-4.890435997639791,0.15178245306015015,0.11026765406131744,0.12463594228029251,0.0,0.0,0.0,-0.19579987227916718,0.0,0.0,0.0,0.0,0.0,0.0,0
1786048532,74807882,100.0,-1.4180977980243128,-1.3474939505206507,-1.1327255407916468,-4.6177948156939905,-4.890459958706991,0.1472509205341339,0.10206085443496704,0.11406425386667252,0.0,0.0,0.0,-0.17867042124271393,0.0,0.0,0.0,0.0,0.0,0.0,0
1786048532,94213962,100.0,-1.4165037314044397,-1.3457329908954065,-1.1326773802386683,-4.617830816899435,-4.890435997639791,0.14456495642662048,0.09618059545755386,0.10800503194332123,0.0,0.0,0.0,-0.164378821849823,0.0,0.0,0.0,0.0,0.0,0.0,0
1786048532,114920139,100.0,-1.4143813292132776,-1.3432281653033655,-1.1326897780047815,-4.6177948156939905,-4.890423957501547,0.14075247943401337,0.08490584045648575,0.09745891392230988,0.0,0.0,0.0,-0.15104597806930542,0.0,0.0,0.0,0.0,0.0,0.0,0
1786048532,134242296,100.0,-1.4131348768817347,-1.3417542616473597,-1.1326540152179163,-4.617770854626791,-4.890435997639791,0.13851067423820496,0.07710810005664825,0.08995518833398819,0.0,0.0,0.0,-0.13989904522895813,0.0,0.0,0.0,0.0,0.0,0.0,0
1786048532,154328107,100.0,-1.411492649708883,-1.3397648970233362,-1.1326773802386683,-4.61781877676119,-4.890399638806478,0.13530902564525604,0.06582055985927582,0.07961360365152359,0.0,0.0,0.0,-0.12248837202787399,0.0,0.0,0.0,0.0,0.0,0.0,0
1786048532,174233198,100.0,-1.410485569630758,-1.3385785261737269,-1.1326773802386683,-4.617770854626791,-4.890412036572592,0.1334746778011322,0.060694508254528046,0.07076764851808548,0.0,0.0,0.0,-0.11098351329565048,0.0,0.0,0.0,0.0,0.0,0.0,0
1786048532,194647312,100.0,-1.4090350309955042,-1.3369844595538538,-1.1326773802386683,-4.6177948156939905,-4.890435997639791,0.13101716339588165,0.05258997529745102,0.06276538223028183,0.0,0.0,0.0,-0.09582266956567764,0.0,0.0,0.0,0.0,0.0,0.0,0
1786048532,214288949,100.0,-1.4081957975970667,-1.3360617796527308,-1.1327016989337366,-4.617746893559591,-4.890412036572592,0.12951838970184326,0.04490728676319122,0.055747419595718384,0.0,0.0,0.0,-0.08600518852472305,0.0,0.0,0.0,0.0,0.0,0.0,0
1786048532,234731435,100.0,-1.407236401234762,-1.3348992506610315,-1.132618252431051,-4.61781877676119,-4.890447918568746,0.12772001326084137,0.034757450222969055,0.040586575865745544,0.0,0.0,0.0,-0.06364741921424866,0.0,0.0,0.0,0.0,0.0,0.0,0
1786048532,254307031,100.0,-1.406792942677633,-1.3343480269061487,-1.1327016989337366,-4.61781877676119,-4.890447918568746,0.12679684162139893,0.024773789569735527,0.03254596143960953,0.0,0.0,0.0,-0.05108156055212021,0.0,0.0,0.0,0.0,0.0,0.0,0
1786048532,274982452,100.0,-1.406313721333639,-1.3337610403644007,-1.1326773802386683,-4.617806855832235,-4.890412036572592,0.12587331235408783,0.014023141004145145,0.018139323219656944,0.0,0.0,0.0,-0.030526218935847282,0.0,0.0,0.0,0.0,0.0,0.0,0
1786048532,294237613,100.0,-1.4061463514911097,-1.333581272755758,-1.1327255407916468,-4.6177348534213465,-4.890412036572592,0.1254538595676422,0.006736732553690672,0.01113414391875267,0.0,0.0,0.0,-0.017858093604445457,0.0,0.0,0.0,0.0,0.0,0.0,0
1786048532,315150260,100.0,-1.4061577955829065,-1.333569351826803,-1.1326773802386683,-4.6177948156939905,-4.890399638806478,0.125357985496521,0.0014444986591115594,-0.0005624596378766,0.0,0.0,0.0,0.0007414240390062332,0.0,0.0,0.0,0.0,0.0,0.0,0
1786048532,334177970,100.0,-1.4062779585467737,-1.3336289564715784,-1.1327136198626917,-4.617770854626791,-4.8902438322650355,0.12528608739376068,-0.016464726999402046,-0.01164547074586153,0.0,0.0,0.04963866248726845,-0.017960358411073685,0.0,0.0,0.0,0.0,0.0,0.0,0
1786048532,354271173,100.0,-1.4067805449115198,-1.3340724150287073,-1.1325820128070276,-4.617878739033834,-4.888924781476156,0.12481832504272461,-0.02827638015151024,-0.02563026361167431,0.010665960609912872,-0.0087245162576437,0.0794074758887291,-0.023930100724101067,0.0,0.0,0.0,0.0,0.0,0.0,0
1786048532,374335527,100.0,-1.4072964827166956,-1.334480110798971,-1.132378403340475,-4.617938582097189,-4.887401644383566,0.12432697415351868,-0.036368127912282944,-0.03425890579819679,0.009922938421368599,-0.0035473306197673082,0.1088886708021164,-0.03826003894209862,0.0,0.0,0.0,0.0,0.0,0.0,0
1786048532,394807338,100.0,-1.4083755652057093,-1.3354981581317347,-1.1319592634784144,-4.6181188265429896,-4.884188000355856,0.12327161431312561,-0.05284563824534416,-0.04975211247801781,0.02708434872329235,-0.004290352575480938,0.1546204686164856,-0.052270397543907166,0.0,0.0,0.0,0.0,0.0,0.0,0
1786048532,414188623,100.0,-1.4093106428729456,-1.3363974730121058,-1.131683651600973,-4.6182865540133875,-4.881477777157919,0.1223125010728836,-0.06148706376552582,-0.05953123793005943,0.03381948545575142,-0.005872270558029413,0.18820028007030487,-0.06109078601002693,0.0,0.0,0.0,0.0,0.0,0.0,0
1786048532,434154033,100.0,-1.411036793385641,-1.3380029837237757,-1.1310494581805628,-4.618550244961874,-4.876560870801107,0.12062197923660278,-0.0792684555053711,-0.07608544826507568,0.022338595241308212,-0.005392901599407196,0.2377670258283615,-0.07653286308050156,0.0,0.0,0.0,0.0,0.0,0.0,0
1786048532,454166173,100.0,-1.4124396483050745,-1.3393338362323206,-1.1306541601764124,-4.61883777776827,-4.872627798710958,0.11938722431659698,-0.09003189206123352,-0.08480357378721237,0.02725212834775448,-0.008748484775424004,0.26219087839126587,-0.08647816628217697,0.0,0.0,0.0,0.0,0.0,0.0,0
1786048532,474791049,100.0,-1.4147895018206995,-1.341466252003805,-1.1299474875079554,-4.619245235119955,-4.865588132535116,0.11708550900220871,-0.10551231354475021,-0.09877558052539825,0.03286074474453926,-0.040290966629981995,0.297855943441391,-0.09910794347524643,0.0,0.0,0.0,0.0,0.0,0.0,0
1786048532,494131565,100.0,-1.416528050099508,-1.3431084791766565,-1.129420582448141,-4.619413081799642,-4.860575739537374,0.11541857570409775,-0.1164802759885788,-0.1066628023982048,0.03856523707509041,-0.04182494804263115,0.32055404782295227,-0.10721247643232346,0.0,0.0,0.0,0.0,0.0,0.0,0
1786048532,514668464,100.0,-1.4194167296039026,-1.3458288351642054,-1.1284268538104456,-4.620024625455038,-4.8524808327304285,0.11272100359201431,-0.12820245325565338,-0.11907526105642319,0.03978762775659561,-0.016178704798221588,0.35895150899887085,-0.12161911278963089,0.0,0.0,0.0,0.0,0.0,0.0,0
1786048532,534197568,100.0,-1.421502415333883,-1.3478778044330042,-1.1278041044818323,-4.620300237332479,-4.846628729497091,0.11062300950288773,-0.13432559370994568,-0.12609322369098663,0.04259193688631058,-0.014429007656872272,0.3869466781616211,-0.1308613419532776,0.0,0.0,0.0,0.0,0.0,0.0,0
1786048532,555225372,100.0,-1.424847427998678,-1.351053539906637,-1.126702610646383,-4.621019665394918,-4.8366751114474695,0.10742172598838806,-0.14994663000106812,-0.1378026157617569,0.04256796836853027,-0.03173422813415527,0.4302816390991211,-0.1427113562822342,0.0,0.0,0.0,0.0,0.0,0.0,0
1786048532,574162960,100.0,-1.4272931257831019,-1.3534262816058558,-1.125995937977926,-4.621463481579916,-4.829492036496298,0.10507132112979889,-0.16179662942886353,-0.1442708969116211,0.047529436647892,-0.03178216516971588,0.44142696261405945,-0.15295067429542542,0.0,0.0,0.0,0.0,0.0,0.0,0
1786048532,594758510,100.0,-1.43126088777651,-1.3571174780475062,-1.124798599873678,-4.622062746678488,-4.818435494099752,0.10133074223995209,-0.1752445250749588,-0.15555843710899353,0.05481584742665291,-0.03271693363785744,0.47507867217063904,-0.16347122192382812,0.0,0.0,0.0,0.0,0.0,0.0,0
1786048532,614156484,100.0,-1.4340184370623987,-1.3595741430865687,-1.123864475880758,-4.622554008160726,-4.81072432199587,0.0986211821436882,-0.17821022868156433,-0.16174548864364624,0.05929794907569885,-0.03178216516971588,0.5097610354423523,-0.17325034737586975,0.0,0.0,0.0,0.0,0.0,0.0,0
1786048532,634044170,100.0,-1.4385383764850062,-1.363636318837301,-1.1224759260760706,-4.623333398495809,-4.797964874898092,0.09442445635795593,-0.19068659842014313,-0.17376168072223663,0.05692506954073906,-0.033364083617925644,0.5358866453170776,-0.18334905803203583,0.0,0.0,0.0,0.0,0.0,0.0,0
1786048532,654178857,100.0,-1.4417632261859339,-1.366464916859762,-1.1215298811541956,-4.623968545590536,-4.789294664059774,0.09130743891000748,-0.19898287951946259,-0.18127818405628204,0.06354036182165146,-0.03751062601804733,0.5591360330581665,-0.19334550201892853,0.0,0.0,0.0,0.0,0.0,0.0,0
1786048532,674789667,100.0,-1.4467147032367151,-1.370922867451803,-1.1199849287616175,-4.624795858060018,-4.775564138089315,0.08666729182004929,-0.20300957560539246,-0.1937417834997177,0.06109558045864105,-0.033555831760168076,0.5994749069213867,-0.19953255355358124,0.0,0.0,0.0,0.0,0.0,0.0,0
1786048532,694219827,100.0,-1.4500835577594202,-1.3741701284991663,-1.1189912001239222,-4.625347081814901,-4.7654786745654505,0.08339373022317886,-0.21287818253040314,-0.2004401534795761,0.06413957476615906,-0.035832833498716354,0.6038611531257629,-0.20294566452503204,0.0,0.0,0.0,0.0,0.0,0.0,0
1786048532,714786052,100.0,-1.4552748839007776,-1.3788326422320765,-1.1173504034625452,-4.626282278691427,-4.750380818043844,0.07847794890403748,-0.22415295243263245,-0.2084679901599884,0.06838198751211166,-0.041800979524850845,0.640101432800293,-0.21762074530124664,0.0,0.0,0.0,0.0,0.0,0.0,0
1786048532,734156847,100.0,-1.458799187337057,-1.3823321501361292,-1.1161773840533655,-4.626941744481222,-4.739756051694052,0.07498867064714432,-0.23017382621765137,-0.21466782689094543,0.0692208856344223,-0.041010018438100815,0.6623920798301697,-0.22443418204784393,0.0,0.0,0.0,0.0,0.0,0.0,0
1786048532,755087852,100.0,-1.464398209248678,-1.3876164595233362,-1.1145003477679651,-4.627912823353903,-4.72379452386965,0.06952161341905594,-0.23894308507442474,-0.22030521929264069,0.07538077980279922,-0.03997937589883804,0.6786906719207764,-0.2332545667886734,0.0,0.0,0.0,0.0,0.0,0.0,0
1786048532,774188280,100.0,-1.4683306852923792,-1.3911040464984339,-1.1131952444659632,-4.628596011792318,-4.712810222302572,0.06573272496461868,-0.2498854696750641,-0.22549517452716827,0.07775365561246872,-0.044197823852300644,0.7114794850349426,-0.24242010712623596,0.0,0.0,0.0,0.0,0.0,0.0,0
1786048532,795003890,100.0,-1.4745290915118616,-1.3966410795794886,-1.1113875547992151,-4.629662934933798,-4.695337955151693,0.059773195534944534,-0.25317075848579407,-0.2365526258945465,0.08434497565031052,-0.04410194978117943,0.7234397530555725,-0.24570538103580475,0.0,0.0,0.0,0.0,0.0,0.0,0
1786048532,814210891,100.0,-1.4787252585040491,-1.4004634062396448,-1.110178295766012,-4.630394045506613,-4.683933560048239,0.05580491945147514,-0.26119858026504517,-0.24461880326271057,0.08178035169839859,-0.0451325923204422,0.7470007538795471,-0.25025618076324463,0.0,0.0,0.0,0.0,0.0,0.0,0
1786048532,834328413,100.0,-1.4851635138141077,-1.406492058430807,-1.1082385222064417,-4.631460968648092,-4.66544229189028,0.049725547432899475,-0.26847222447395325,-0.25368207693099976,0.08597483485937119,-0.04410194978117943,0.75761878490448,-0.2594217360019684,0.0,0.0,0.0,0.0,0.0,0.0,0
1786048532,854326725,100.0,-1.4894078413592737,-1.4106624762164515,-1.1067774931537073,-4.6321919600116175,-4.653354231511251,0.045720942318439484,-0.27517059445381165,-0.25471752882003784,0.09232646971940994,-0.04417385533452034,0.7911506295204163,-0.26441994309425354,0.0,0.0,0.0,0.0,0.0,0.0,0
1786048532,874569654,100.0,-1.4959657827960413,-1.4169181028949183,-1.1047418753253382,-4.633391205464498,-4.633675758038656,0.039305638521909714,-0.27979809045791626,-0.25727415084838867,0.09110408276319504,-0.05066930502653122,0.7954170107841492,-0.27800846099853516,0.0,0.0,0.0,0.0,0.0,0.0,0
1786048532,894122838,100.0,-1.500498119984762,-1.4211013952838343,-1.1031973997699183,-4.6341944376574915,-4.62097663084139,0.0348576158285141,-0.2866882383823395,-0.2599969804286957,0.09501093626022339,-0.049806442111730576,0.8172762393951416,-0.27903109788894653,0.0,0.0,0.0,0.0,0.0,0.0,0
1786048532,915572404,100.0,-1.507559601460592,-1.4274290243731897,-1.1010177771197718,-4.63540488878359,-4.600806419049398,0.027998894453048706,-0.2925429344177246,-0.26917529106140137,0.09592173993587494,-0.049566756933927536,0.8278223276138306,-0.2858317494392395,0.0,0.0,0.0,0.0,0.0,0.0,0
1786048532,934224605,100.0,-1.5122597853290003,-1.4317429701434534,-1.099485222493307,-4.636160318051473,-4.587423745785848,0.02340594120323658,-0.298193097114563,-0.2762955129146576,0.0902651846408844,-0.049015481024980545,0.8537561893463135,-0.28533321619033813,0.0,0.0,0.0,0.0,0.0,0.0,0
1786048532,955050706,100.0,-1.5195139090167444,-1.4384787718402308,-1.0971983114825647,-4.63744301000704,-4.56657046476473,0.016487672924995422,-0.31064391136169434,-0.2854993939399719,0.09318933635950089,-0.05270662158727646,0.8633915185928345,-0.2943964898586273,0.0,0.0,0.0,0.0,0.0,0.0,0
1786048532,974270105,100.0,-1.5244534651385706,-1.4431050459491175,-1.0957015196429651,-4.638293806706564,-4.552563969288961,0.011871123686432838,-0.3120628297328949,-0.287097305059433,0.09292568266391754,-0.054000917822122574,0.8807207345962524,-0.29910069704055786,0.0,0.0,0.0,0.0,0.0,0.0,0
1786048532,994758605,100.0,-1.5319836775409144,-1.4500916639911097,-1.0934026877032679,-4.6395888964282435,-4.531518880520956,0.004664859734475613,-0.31602561473846436,-0.2872123420238495,0.10256100445985794,-0.058291271328926086,0.8949100375175476,-0.3063870966434479,0.0,0.0,0.0,0.0,0.0,0.0,0
1786048533,14199256,100.0,-1.537079159413473,-1.454766098652975,-1.0917742888080042,-4.640415851269857,-4.517032925282614,-0.00021535554994756012,-0.3131749629974365,-0.28828611969947815,0.09954097867012024,-0.05273059010505676,0.8994640707969666,-0.30949342250823975,0.0,0.0,0.0,0.0,0.0,0.0,0
1786048533,34005403,100.0,-1.5447166601764124,-1.4617293516742151,-1.089259449635641,-4.641782347355978,-4.495604459439413,-0.007673565541402638,-0.32283905148506165,-0.29527851939201355,0.09994843602180481,-0.05565474182367325,0.9209158420562744,-0.31018370389938354,0.0,0.0,0.0,0.0,0.0,0.0,0
1786048533,54281711,100.0,-1.5497291723834437,-1.4664037863360804,-1.087607208882467,-4.642705504094259,-4.480471316968099,-0.012853924428121388,-0.3253956735134125,-0.30140167474746704,0.10316020995378494,-0.05881857872009277,0.9294246435165405,-0.31302157044410706,0.0,0.0,0.0,0.0,0.0,0.0,0
1786048533,74458599,100.0,-1.557474438344137,-1.4738348166095179,-1.0851042906390589,-4.6440117994891565,-4.458131257687704,-0.020264927540914357,-0.3334490954875946,-0.30498096346855164,0.10085923969745636,-0.05994509533047676,0.9460107684135437,-0.31983500719070435,0.0,0.0,0.0,0.0,0.0,0.0,0
1786048533,94217777,100.0,-1.5629542509662073,-1.4788802305804651,-1.0835359732257288,-4.645006839429037,-4.443010512982504,-0.025396649037496388,-0.33537933230400085,-0.30730748176574707,0.10524547100067139,-0.05905826389789581,0.9421758055686951,-0.3234909772872925,0.0,0.0,0.0,0.0,0.0,0.0,0
1786048533,114521503,100.0,-1.5710843245135706,-1.4863713423358362,-1.0810816923724573,-4.64638585249056,-4.420274917279379,-0.03314334550966436,-0.3327587842941284,-0.30765262246131897,0.10438260436058044,-0.06109558045864105,0.9549509882926941,-0.3245008587837219,0.0,0.0,0.0,0.0,0.0,0.0,0
1786048533,134183406,100.0,-1.576479736958639,-1.4912131468402308,-1.0794289747821253,-4.647344533597128,-4.405322376881735,-0.03844339052309209,-0.3381405174732208,-0.30740976333618164,0.10915232449769974,-0.06087986379861832,0.9684212803840637,-0.3242068588733673,0.0,0.0,0.0,0.0,0.0,0.0,0
1786048533,154787302,100.0,-1.584465805684225,-1.4985955397235315,-1.0769379774676722,-4.648806993161337,-4.3815441767321985,-0.04621345201601201,-0.3432154357433319,-0.317137748003006,0.10972756892442703,-0.061047643423080444,0.9644665122032166,-0.32712140679359436,0.0,0.0,0.0,0.0,0.0,0.0,0
1786048533,174224853,100.0,-1.5899336973773401,-1.5036657492267054,-1.0752137343036097,-4.649694267903463,-4.366231743489401,-0.05145389238466436,-0.34462156891822815,-0.31699714064598083,0.10598848760128021,-0.06143113970756531,0.9834015965461731,-0.3299209177494049,0.0,0.0,0.0,0.0,0.0,0.0,0
1786048533,194686651,100.0,-1.5982793013202112,-1.5112889448748987,-1.0726998488055628,-4.6511083284961146,-4.342837397252218,-0.05940419832338506,-0.341195672750473,-0.31996282935142517,0.11181282252073288,-0.06286924332380295,0.9865414500236511,-0.3334490954875946,0.0,0.0,0.0,0.0,0.0,0.0,0
1786048533,214172363,100.0,-1.6037715117083948,-1.5162985960589808,-1.0709393660174769,-4.65206748643984,-4.326685611401693,-0.06481296220888311,-0.3462066948413849,-0.3176235258579254,0.10934407263994217,-0.062126222997903824,0.9831139445304871,-0.3295629918575287,0.0,0.0,0.0,0.0,0.0,0.0,0
1786048533,235182523,100.0,-1.612009350453512,-1.5239575544940394,-1.068317715321676,-4.653398100529806,-4.303207818661825,-0.07279855409731084,-0.3481241762638092,-0.3241301476955414,0.1071389764547348,-0.06409163773059845,0.9949064254760742,-0.3315316140651703,0.0,0.0,0.0,0.0,0.0,0.0,0
1786048533,254142761,100.0,-1.6176331678973597,-1.5291350523578089,-1.0665095488177698,-4.654536906872885,-4.2871403137790125,-0.07805139223207647,-0.35630539059638977,-0.32567691802978516,0.11444935202598572,-0.0668240413069725,0.9815080761909485,-0.3334874212741852,0.0,0.0,0.0,0.0,0.0,0.0,0
1786048533,275300025,100.0,-1.626075569783346,-1.5369260946856897,-1.0638030211078089,-4.655975405369894,-4.26311165491213,-0.08612233797182256,-0.349901020526886,-0.32553631067276,0.10740263015031815,-0.0607839897274971,0.992150068283081,-0.3385367691516876,0.0,0.0,0.0,0.0,0.0,0.0,0
1786048533,294202327,100.0,-1.6317833105670374,-1.542164150868551,-1.062150780354635,-4.656934205685751,-4.247416083012716,-0.0915301481830042,-0.34785571694374084,-0.3245008587837219,0.1131071224808693,-0.06025668606162071,0.9878117442131042,-0.3371306359767914,0.0,0.0,0.0,0.0,0.0,0.0,0
1786048533,314316511,100.0,-1.640057388936178,-1.5499785582171839,-1.0594328085528772,-4.65839666524996,-4.2233997027026575,-0.09974509874452764,-0.34855878353118896,-0.32324811816215515,0.10960772633552551,-0.060160811990499496,0.9834015965461731,-0.33537933230400085,0.0,0.0,0.0,0.0,0.0,0.0,0
1786048533,334339618,100.0,-1.645585838948385,-1.5550606886493128,-1.0577448050128382,-4.659331742917196,-4.207512680684225,-0.10518914857973272,-0.34711429476737976,-0.3221743106842041,0.1077381893992424,-0.056301891803741455,0.9965122938156128,-0.3299209177494049,0.0,0.0,0.0,0.0,0.0,0.0,0
1786048533,354415655,100.0,-1.653980557118551,-1.5627315680133265,-1.055122200642721,-4.660830203686849,-4.183484141026632,-0.11316377321352178,-0.35428565740585327,-0.32590702176094055,0.10721088200807571,-0.05886651575565338,0.9849595427513123,-0.3341393768787384,0.0,0.0,0.0,0.0,0.0,0.0,0
1786048533,374306917,100.0,-1.6596282164203089,-1.567885700856344,-1.0533745924579065,-4.66180128255953,-4.16752535501589,-0.11852437654604131,-0.345043420791626,-0.3241301476955414,0.10948788374662399,-0.06114351749420166,0.9815559983253479,-0.3338453471660614,0.0,0.0,0.0,0.0,0.0,0.0,0
1786048533,394147872,100.0,-1.6680110136615198,-1.5757373015033167,-1.0508597532855433,-4.663239423428671,-4.144001070653097,-0.12655908266176397,-0.34669244289398193,-0.3215990662574768,0.10560499131679535,-0.056829195469617844,0.9865414500236511,-0.32885992527008057,0.0,0.0,0.0,0.0,0.0,0.0,0
1786048533,414287567,100.0,-1.6735032240497034,-1.5807951132403772,-1.0491955916034144,-4.6642224232303064,-4.128342692052023,-0.13195592561830694,-0.3423333764076233,-0.32133063673973083,0.11056646704673767,-0.05469600483775139,0.9776012301445007,-0.32885992527008057,0.0,0.0,0.0,0.0,0.0,0.0,0
1786048533,434545993,100.0,-1.6817658583270472,-1.588346306477682,-1.0465615431415003,-4.665684882794515,-4.105034414921896,-0.13989478746523076,-0.3444681763648987,-0.32122835516929626,0.1113574206829071,-0.05944175645709038,0.9800220131874084,-0.32671234011650085,0.0,0.0,0.0,0.0,0.0,0.0,0
1786048533,454411983,100.0,-1.687270466481344,-1.5935128370868128,-1.0447056929217737,-4.666608039532797,-4.089663807545797,-0.1450875441180628,-0.3413490951061249,-0.3192341923713684,0.11296331137418747,-0.05083708465099335,0.9840247631072998,-0.3286553919315338,0.0,0.0,0.0,0.0,0.0,0.0,0
1786048533,474267482,100.0,-1.6956413427936,-1.6011603514300745,-1.0421908537494105,-4.6679986158954065,-4.065972630177633,-0.15307456651796514,-0.3318383991718292,-0.316051185131073,0.1101590022444725,-0.05994509533047676,0.9696436524391174,-0.3243602514266968,0.0,0.0,0.0,0.0,0.0,0.0,0
1786048533,494272470,100.0,-1.7010253111468714,-1.6062424818622034,-1.0404074827777308,-4.668969337140219,-4.050686422978536,-0.15833932558168584,-0.33468905091285706,-0.31082287430763245,0.10304036736488342,-0.056062206625938416,0.9710338711738586,-0.3191063702106476,0.0,0.0,0.0,0.0,0.0,0.0,0
1786048533,514294385,100.0,-1.7090485731707972,-1.613758389149801,-1.0379284063922327,-4.670347873364584,-4.027726713811056,-0.1660984198199671,-0.3321324288845062,-0.3087775707244873,0.10368751734495163,-0.05977731570601463,0.9618299603462219,-0.3146194517612457,0.0,0.0,0.0,0.0,0.0,0.0,0
1786048533,534348487,100.0,-1.71442157426943,-1.6185644308673304,-1.0362761656390589,-4.671199146901266,-4.012260739003317,-0.17115956941713506,-0.3332062065601349,-0.30752480030059814,0.10572483390569687,-0.05589442700147629,0.947784423828125,-0.31285539269447327,0.0,0.0,0.0,0.0,0.0,0.0,0
1786048533,554258584,100.0,-1.7224329153644007,-1.6258881727801722,-1.0337017218219202,-4.6726136843310755,-3.9897213617907923,-0.17872697511781865,-0.3216629922389984,-0.30719244480133057,0.09623333066701889,-0.05663744732737541,0.944932222366333,-0.3120756149291992,0.0,0.0,0.0,0.0,0.0,0.0,0
1786048533,574315547,100.0,-1.7277339140521448,-1.6307671705829065,-1.032001797352926,-4.673488561307089,-3.974567476903097,-0.1836918036090296,-0.32117724418640137,-0.3028717339038849,0.09968478977680206,-0.049854379147291183,0.9213472604751587,-0.31001752614974976,0.0,0.0,0.0,0.0,0.0,0.0,0
1786048533,594165325,100.0,-1.735361401234762,-1.6379950682269495,-1.0295708815204065,-4.6748191753970545,-3.9523759523974817,-0.1911395231830042,-0.31422320008277893,-0.2970426082611084,0.09963685274124146,-0.05723666027188301,0.9167932271957397,-0.3040733337402344,0.0,0.0,0.0,0.0,0.0,0.0,0
1786048533,614266633,100.0,-1.7403743902789515,-1.6427539030658167,-1.0279067198382776,-4.675741974507467,-3.937941614781515,-0.19608050981630498,-0.3181220591068268,-0.29267075657844543,0.09572999179363251,-0.057811904698610306,0.90293949842453,-0.30498096346855164,0.0,0.0,0.0,0.0,0.0,0.0,0
1786048533,634106159,100.0,-1.7480023542987269,-1.6496942679034632,-1.0255721251117151,-4.677120510731832,-3.9163387457477015,-0.20338470140566045,-0.31018370389938354,-0.29088112711906433,0.09769540280103683,-0.05565474182367325,0.8872880935668945,-0.29890894889831543,0.0,0.0,0.0,0.0,0.0,0.0,0
1786048533,654376745,100.0,-1.7530277411090296,-1.654297176991598,-1.0239318052874964,-4.6779717842685145,-3.902491633092062,-0.20814544359316045,-0.3073969781398773,-0.28615134954452515,0.10040383785963058,-0.051963601261377335,0.8840523362159729,-0.2967613637447357,0.0,0.0,0.0,0.0,0.0,0.0,0
1786048533,674159288,100.0,-1.7604754606830042,-1.6611064116107386,-1.0216811339007776,-4.679194156323568,-3.881164614354269,-0.21514970461000615,-0.29365506768226624,-0.28042447566986084,0.0956580862402916,-0.05086105316877365,0.8563927412033081,-0.288707971572876,0.0,0.0,0.0,0.0,0.0,0.0,0
1786048533,694287300,100.0,-1.7652729193316858,-1.6656253973590296,-1.0202563444720667,-4.680009428654806,-3.86782151857485,-0.21973115602602178,-0.2948566675186157,-0.2754262685775757,0.09064868092536926,-0.05189169570803642,0.8605632781982422,-0.2845662236213684,0.0,0.0,0.0,0.0,0.0,0.0,0
1786048533,714176177,100.0,-1.7722528616534632,-1.6723740736590784,-1.0181849638568323,-4.681243840848104,-3.8472862879382532,-0.22674686113466436,-0.2877492308616638,-0.2702362835407257,0.08978581428527832,-0.056301891803741455,0.8316572904586792,-0.28158774971961975,0.0,0.0,0.0,0.0,0.0,0.0,0
1786048533,734295606,100.0,-1.776846710835592,-1.676629368458883,-1.0166762510882776,-4.682083074246542,-3.834243361149923,-0.231208626423971,-0.28817108273506165,-0.26320552825927734,0.08695753663778305,-0.05011802911758423,0.8254973888397217,-0.27517059445381165,0.0,0.0,0.0,0.0,0.0,0.0,0
1786048533,754187345,100.0,-1.7836712042437952,-1.6827548185931605,-1.0146287123309534,-4.683209602032797,-3.8146191279040735,-0.23761302629579717,-0.2734065055847168,-0.25611087679862976,0.08892295509576797,-0.046786416321992874,0.7859734296798706,-0.2691241502761841,0.0,0.0,0.0,0.0,0.0,0.0,0
1786048533,774260759,100.0,-1.7881205717669886,-1.6868189016925257,-1.013240162526266,-4.683905069028036,-3.802152220402853,-0.24177486101259404,-0.27154016494750977,-0.25557398796081543,0.0866699144244194,-0.04659466817975044,0.7842476963996887,-0.2623746395111084,0.0,0.0,0.0,0.0,0.0,0.0,0
1786048533,794284582,100.0,-1.7946813742267054,-1.6928604284869593,-1.0111687819110315,-4.685079876576559,-3.783487145100729,-0.24798709550966436,-0.26119858026504517,-0.2490801364183426,0.08621452003717422,-0.042639873921871185,0.7548384070396423,-0.26025262475013733,0.0,0.0,0.0,0.0,0.0,0.0,0
1786048533,814294576,100.0,-1.7988432089435022,-1.6968520323382776,-1.0098870436297815,-4.685798947011129,-3.7717157045947474,-0.2521250883685511,-0.2597796618938446,-0.24404355883598328,0.08015049993991852,-0.048895638436079025,0.7494215369224548,-0.25414228439331055,0.0,0.0,0.0,0.0,0.0,0.0,0
1786048533,834174633,100.0,-1.8049004713641565,-1.7027266661273401,-1.0080073515521448,-4.686997357998983,-3.7538302580462855,-0.2581699530230921,-0.2587825655937195,-0.23303724825382233,0.08079764991998672,-0.04117779806256294,0.7145474553108215,-0.24622948467731476,0.0,0.0,0.0,0.0,0.0,0.0,0
1786048533,854399681,100.0,-1.8089059034930628,-1.7062981764422815,-1.0066669623004358,-4.687560979519979,-3.7427659670459192,-0.2619717756854456,-0.24610166251659393,-0.22538013756275177,0.0812770202755928,-0.03822967782616615,0.7078602313995361,-0.23645035922527313,0.0,0.0,0.0,0.0,0.0,0.0,0
1786048533,874243736,100.0,-1.8147357145892542,-1.7115615049945276,-1.0047271887408655,-4.6886754671679896,-3.726056162511007,-0.2673690954791468,-0.23872576653957367,-0.22026686370372772,0.07782556116580963,-0.04314321279525757,0.6771327257156372,-0.22769388556480408,0.0,0.0,0.0,0.0,0.0,0.0,0
1786048533,894299745,100.0,-1.8185494581805628,-1.7149418036090296,-1.003481690083639,-4.689310733472006,-3.715543333684103,-0.2709310690509241,-0.23003320395946503,-0.21579274535179138,0.0770106315612793,-0.040362872183322906,0.6642376780509949,-0.2240123301744461,0.0,0.0,0.0,0.0,0.0,0.0,0
1786048533,914298534,100.0,-1.824150864277975,-1.7200120131122034,-1.0017812887774866,-4.690222207699911,-3.6997323671924036,-0.27624398866762334,-0.22073984146118164,-0.20850634574890137,0.0649784728884697,-0.035065844655036926,0.6380641460418701,-0.21877123415470123,0.0,0.0,0.0,0.0,0.0,0.0,0
1786048533,934376239,100.0,-1.8276169935809534,-1.72333270708193,-1.0007284323321741,-4.6909053961383265,-3.6898790041552942,-0.27961475053896123,-0.21889905631542206,-0.2045307755470276,0.06545783579349518,-0.03473028540611267,0.6115550398826599,-0.2106027901172638,0.0,0.0,0.0,0.0,0.0,0.0,0
1786048533,954153299,100.0,-1.8326790968524378,-1.7281163374530237,-0.9991958777057093,-4.691720310841696,-3.675710741673605,-0.28453189531435186,-0.20123271644115448,-0.18988126516342163,0.05843508243560791,-0.03322027251124382,0.5948729515075684,-0.19735941290855408,0.0,0.0,0.0,0.0,0.0,0.0,0
1786048533,974356889,100.0,-1.8357256094561976,-1.7311371008502405,-0.9981420675860804,-4.692223612462179,-3.6663132349597376,-0.2876985708819788,-0.1939590871334076,-0.18135488033294678,0.06217416003346443,-0.03532949462532997,0.5613890290260315,-0.18897365033626556,0.0,0.0,0.0,0.0,0.0,0.0,0
1786048533,994361400,100.0,-1.8401873747455042,-1.7353089491473597,-0.9965975920306605,-4.693086806927816,-3.6534271875964563,-0.29211217561830694,-0.18644258379936218,-0.16967105865478516,0.06186257302761078,-0.02912166714668274,0.5337774157524109,-0.18051119148731232,0.0,0.0,0.0,0.0,0.0,0.0,0
1786048534,14281272,100.0,-1.8430421988116663,-1.73804217973818,-0.9956396261798304,-4.6935662666903895,-3.644904915486471,-0.2948949972735804,-0.17922009527683258,-0.16264031827449799,0.05189169570803642,-0.02876214124262333,0.5169515609741211,-0.17465649545192719,0.0,0.0,0.0,0.0,0.0,0.0,0
1786048534,34166097,100.0,-1.8472526709186,-1.7417224089251917,-0.9944899717914026,-4.694237295781271,-3.63291842142214,-0.29882890382875615,-0.16814985871315002,-0.1543823927640915,0.05074121057987213,-0.026149580255150795,0.4728735685348511,-0.16072283685207367,0.0,0.0,0.0,0.0,0.0,0.0,0
1786048534,54399967,100.0,-1.8499391714679163,-1.7441676298724573,-0.9937241713153284,-4.6946807543384,-3.6256426016436976,-0.30129939714540654,-0.16412316262722015,-0.1476200819015503,0.04587561637163162,-0.03032008931040764,0.4482819437980652,-0.1532319039106369,0.0,0.0,0.0,0.0,0.0,0.0,0
1786048534,74208021,100.0,-1.8538015524493616,-1.7475722471820276,-0.9925864378558558,-4.695303980504171,-3.6153226534472864,-0.30470544496645147,-0.15187688171863556,-0.13848011195659637,0.044916875660419464,-0.020421119406819344,0.4195437729358673,-0.14355504512786865,0.0,0.0,0.0,0.0,0.0,0.0,0
1786048534,94292402,100.0,-1.8561041990863245,-1.749730412160055,-0.9919284025775355,-4.695687834416525,-3.6086342970477503,-0.30694896379579717,-0.13592348992824554,-0.12958303093910217,0.04055462032556534,-0.020684773102402687,0.3894154131412506,-0.13637089729309082,0.0,0.0,0.0,0.0,0.0,0.0,0
1786048534,114258289,100.0,-1.8590071837054651,-1.7526314894305628,-0.99091083208193,-4.696310941373007,-3.5996087233172815,-0.31004316011537725,-0.1179886907339096,-0.11421765387058258,0.039691753685474396,-0.02442385070025921,0.35298338532447815,-0.12186199426651001,0.0,0.0,0.0,0.0,0.0,0.0,0
1786048534,134258747,100.0,-1.8607948462115687,-1.7543700377093714,-0.9902880827533167,-4.696634952222006,-3.594346586857931,-0.3119137922870081,-0.11274758726358414,-0.1048092395067215,0.03561711683869362,-0.019869845360517502,0.3232145607471466,-0.11572606861591339,0.0,0.0,0.0,0.0,0.0,0.0,0
1786048534,154211044,100.0,-1.8632772604571741,-1.7567794958697718,-0.9894259611712855,-4.69706637064089,-3.5870114008532923,-0.3144448439227503,-0.10085923969745636,-0.09184709936380386,0.03163835406303406,-0.02346511371433735,0.29032984375953674,-0.0978807583451271,0.0,0.0,0.0,0.0,0.0,0.0,0
1786048534,174270391,100.0,-1.8648245970355433,-1.7581465880023401,-0.9889829794513147,-4.697305981312887,-3.5826121012317103,-0.31602794328798467,-0.09589936584234238,-0.08376813679933548,0.021571606397628784,-0.02593386359512806,0.2683747410774231,-0.08885584026575089,0.0,0.0,0.0,0.0,0.0,0.0,0
1786048534,194247245,100.0,-1.8669355551349085,-1.7601125876056116,-0.9884322325335901,-4.697689477597372,-3.576595131550924,-0.31793481508363897,-0.0814671665430069,-0.07310696691274643,0.028091024607419968,-0.024711472913622856,0.21878401935100555,-0.07290244102478027,0.0,0.0,0.0,0.0,0.0,0.0,0
1786048534,214257717,100.0,-1.868183437977926,-1.7612150351153772,-0.9880965391742151,-4.6977614800082605,-3.573298756276266,-0.3190982977496546,-0.0703202411532402,-0.06380081921815872,0.023129554465413094,-0.02612561173737049,0.18736137449741364,-0.06374968588352203,0.0,0.0,0.0,0.0,0.0,0.0,0
1786048534,234228849,100.0,-1.869610611592428,-1.7625458876239222,-0.9876421133624476,-4.698097054158346,-3.5692597071277063,-0.3203819433795374,-0.052807290107011795,-0.0461089052259922,0.016538230702280998,-0.01963016204535961,0.15001852810382843,-0.049854375422000885,0.0,0.0,0.0,0.0,0.0,0.0,0
1786048534,254345178,100.0,-1.8703058401690882,-1.7632172743426722,-0.9875219503985804,-4.698132936154501,-3.5671501795398157,-0.32107764879335576,-0.04054822772741318,-0.035409390926361084,0.03194994479417801,-0.004002731293439865,0.11114170402288437,-0.03897589445114136,0.0,0.0,0.0,0.0,0.0,0.0,0
1786048534,274303197,100.0,-1.8711097876178187,-1.763876740132467,-0.9871743361102503,-4.6982287804233,-3.5650644938098353,-0.32182103792299444,-0.02509336918592453,-0.020772656425833702,0.018503643572330475,-0.003067961661145091,0.07192932069301605,-0.024096282199025154,0.0,0.0,0.0,0.0,0.0,0.0,0
1786048534,294410705,100.0,-1.8713496367083948,-1.7640565077411097,-0.9871028105365198,-4.698252741490499,-3.564141813908712,-0.32220489183534795,-0.015058577992022038,-0.010763431899249554,0.0041705104522407055,-0.0017736653098836541,0.028977857902646065,-0.014087056741118431,0.0,0.0,0.0,0.0,0.0,0.0,0
1786048534,314198970,100.0,-1.8714454809771937,-1.7642119566546839,-0.9871628920184534,-4.698276821766989,-3.563794199620382,-0.32226497331728154,-0.0024288028944283724,-0.002147573046386242,0.0016298546688631177,-0.0010546118719503284,0.004458131734281778,-0.002070874208584428,0.0,0.0,0.0,0.0,0.0,0.0,0
1786048534,334343194,100.0,-1.8713858763324183,-1.7640565077411097,-0.9871509710894983,-4.698300782834188,-3.564093891774313,-0.3221209684955042,0.011351457796990871,0.018267154693603516,0.0011504855938255787,-0.0008388957940042019,-0.02900182455778122,0.012144015170633793,0.0,0.0,0.0,0.0,0.0,0.0,0
1786048534,354060173,100.0,-1.8708818594561976,-1.7634566465960901,-0.9871867338763636,-4.698192898427145,-3.565496031438009,-0.3216293493853968,0.027292074635624886,0.02648673579096794,-0.01025849673897028,-0.0005273059359751642,-0.08412925899028778,0.028749357908964157,0.0,0.0,0.0,0.0,0.0,0.0,0
1786048534,374338150,100.0,-1.8703659216510218,-1.7630255858050745,-0.987258259450094,-4.698132936154501,-3.5671022574054163,-0.3211258093463343,0.03916764259338379,0.03552443906664848,-0.01740109547972679,0.002996056340634823,-0.11519237607717514,0.03658544272184372,0.0,0.0,0.0,0.0,0.0,0.0,0
1786048534,394319534,100.0,-1.8692625204669397,-1.761958424245016,-0.987593952809469,-4.698001090680258,-3.57045823732485,-0.320106331502096,0.05556845664978027,0.049854375422000885,-0.027300065383315086,0.015291871502995491,-0.158359557390213,0.05085146427154541,0.0,0.0,0.0,0.0,0.0,0.0,0
1786048534,414225816,100.0,-1.8683150450335901,-1.7610591093646448,-0.987833325062887,-4.697857324277059,-3.573155466710226,-0.31918222108949834,0.06404370069503784,0.05881538242101669,-0.03825364634394646,0.005177185405045748,-0.18618692457675934,0.06233075261116028,0.0,0.0,0.0,0.0,0.0,0.0,0
1786048534,434304475,100.0,-1.8666957060443323,-1.7594769636737269,-0.98840839067568,-4.697557751332418,-3.5782609621631067,-0.31756288210024053,0.07952412217855453,0.0737844780087471,-0.023441145196557045,0.03230947256088257,-0.21878401935100555,0.07819467037916183,0.0,0.0,0.0,0.0,0.0,0.0,0
1786048534,454407215,100.0,-1.865328613911764,-1.7581465880023401,-0.9888871351825159,-4.697389904652731,-3.582252804433004,-0.3161357084857386,0.09091392904520035,0.08407492935657501,-0.02972087822854519,0.026101643219590187,-0.24900823831558228,0.0877692699432373,0.0,0.0,0.0,0.0,0.0,0.0,0
1786048534,474223852,100.0,-1.8630855719195765,-1.7559645811664026,-0.9896171728717249,-4.6969584862338465,-3.588820997868673,-0.31385690370668584,0.11103464663028717,0.09551586955785751,-0.03473028540611267,0.012942963279783726,-0.28800490498542786,0.09825146943330765,0.0,0.0,0.0,0.0,0.0,0.0,0
1786048534,494368076,100.0,-1.8612621466266077,-1.7543700377093714,-0.9902637640582483,-4.69669479528536,-3.5936153570758265,-0.3122141996966761,0.11852558702230453,0.10512881726026535,-0.03580886498093605,0.016178704798221588,-0.32220789790153503,0.10725082457065582,0.0,0.0,0.0,0.0,0.0,0.0,0
1786048534,514197349,100.0,-1.8583114782916468,-1.7516964117633265,-0.9911740461932581,-4.69639486471285,-3.601945702229635,-0.3094075361834925,0.1308102160692215,0.11818043887615204,-0.04079430177807808,0.010498180985450745,-0.3660221993923187,0.12128674983978271,0.0,0.0,0.0,0.0,0.0,0.0,0
1786048534,534318447,100.0,-1.8561766783343714,-1.7496345678912562,-0.9918683210956019,-4.695903484021322,-3.6080825964557093,-0.30740434328188115,0.1381988823413849,0.12517283856868744,-0.04417385533452034,0.017017599195241928,-0.3857961893081665,0.1319095641374588,0.0,0.0,0.0,0.0,0.0,0.0,0
1786048534,554209947,100.0,-1.852757755910055,-1.746566120778219,-0.9929221312152308,-4.695255939160482,-3.6179235617267054,-0.3041179815875452,0.14758174121379852,0.13782817125320435,-0.04832039773464203,0.029457226395606995,-0.4159724712371826,0.14406636357307434,0.0,0.0,0.0,0.0,0.0,0.0,0
1786048534,574267148,100.0,-1.8502510229693812,-1.7442639509784144,-0.9936640898333948,-4.6947765986071985,-3.624756161366598,-0.30174333253969365,0.15770600736141205,0.146520733833313,-0.05007009208202362,0.031039142981171608,-0.44562143087387085,0.15273335576057434,0.0,0.0,0.0,0.0,0.0,0.0,0
1786048534,594270706,100.0,-1.8463171164142054,-1.740631405507223,-0.9949572722064417,-4.694105450307028,-3.6359267870532435,-0.2980249563800257,0.1697477549314499,0.15801280736923218,-0.05402488633990288,0.03094327077269554,-0.48723065853118896,0.164378821849823,0.0,0.0,0.0,0.0,0.0,0.0,0
1786048534,614259004,100.0,-1.8435094992267054,-1.738150421773092,-0.9959386030780237,-4.693602148686544,-3.644017759953634,-0.29541045824159795,0.17569193243980408,0.1647239774465561,-0.054072823375463486,0.030775491148233414,-0.501491904258728,0.17332704365253448,0.0,0.0,0.0,0.0,0.0,0.0,0
1786048534,634210348,100.0,-1.8390839735614222,-1.7340143362628382,-0.9973519484149378,-4.6928351561175745,-3.656424109135763,-0.2911284605609339,0.19192656874656677,0.17707252502441406,-0.05843508243560791,0.034634411334991455,-0.5376842617988586,0.1862764060497284,0.0,0.0,0.0,0.0,0.0,0.0,0
1786048534,654393196,100.0,-1.8359053770648401,-1.7311371008502405,-0.9981897513019007,-4.692259613667623,-3.6654260794269007,-0.2880824247943323,0.20221702754497528,0.18433336913585663,-0.06152701377868652,0.03918841853737831,-0.5625634789466858,0.1929875761270523,0.0,0.0,0.0,0.0,0.0,0.0,0
1786048534,674172401,100.0,-1.8310955206500452,-1.7265222708331507,-0.999770466481344,-4.69143265882601,-3.679366652165548,-0.283332649861471,0.20842964947223663,0.19328157603740692,-0.06145510822534561,0.036072518676519394,-0.585189700126648,0.1984076350927353,0.0,0.0,0.0,0.0,0.0,0.0,0
1786048534,694308757,100.0,-1.8277371565448206,-1.7233927885638636,-1.0007999579059046,-4.690809432660238,-3.688716236745016,-0.2800825277911585,0.21384970843791962,0.19784517586231232,-0.065601646900177,0.04026699811220169,-0.6147428154945374,0.20772656798362732,0.0,0.0,0.0,0.0,0.0,0.0,0
1786048534,714135646,100.0,-1.8225439230548304,-1.7185981909381312,-1.0025361219989222,-4.689862314854757,-3.7038915793048304,-0.27500898042787725,0.22581475973129272,0.2058730125427246,-0.07027550041675568,0.03787015378475189,-0.639789879322052,0.21571604907512665,0.0,0.0,0.0,0.0,0.0,0.0,0
1786048534,734263896,100.0,-1.8188136259662073,-1.715217415486471,-1.0036495367633265,-4.689286772404806,-3.714428488408224,-0.27154285112489873,0.22773224115371704,0.21411815285682678,-0.06852579861879349,0.039739690721035004,-0.6564239859580994,0.22313030064105988,0.0,0.0,0.0,0.0,0.0,0.0,0
1786048534,754285573,100.0,-1.812983814870016,-1.7099793593036097,-1.0054219404803675,-4.688327972088949,-3.7303951422320765,-0.266181770955221,0.24231784045696259,0.22393563389778137,-0.0764593556523323,0.04098604992032051,-0.6907228231430054,0.2345840185880661,0.0,0.0,0.0,0.0,0.0,0.0,0
