peg,location,source_line,raw_tcp_x_m,raw_tcp_y_m,raw_tcp_z_m,fitted_tcp_x_m,fitted_tcp_y_m,fitted_tcp_z_m,raw_minus_fit_xy_mm,raw_minus_fit_z_mm,large_difference_over_5_mm,analysis_only_do_not_execute,replay_validated
1,1,12,0.598639554505421,0.294632104672414,0.466093030047998,0.601551800088445,0.292840400010267,0.457598407364043,3.42,8.49,true,true,false
1,2,13,0.598894442166775,0.291819427694113,0.505821300585405,0.601551800088445,0.292840400010267,0.502723750031990,2.85,3.10,false,true,false
1,3,14,0.611355779564517,0.295314978391885,0.544507832189217,0.601551800088445,0.292840400010267,0.544094337273928,10.11,0.41,true,true,false
1,4,15,0.600072792558472,0.288256214337789,0.584984845974188,0.601551800088445,0.292840400010267,0.582078630428493,4.82,2.91,false,true,false
1,5,16,0.601266075197900,0.290745126298479,0.626048194587835,0.601551800088445,0.292840400010267,0.623302252087720,2.11,2.75,false,true,false
1,6,17,0.605202289297783,0.292252593594576,0.667922841813438,0.601551800088445,0.292840400010267,0.665631637166848,3.70,2.29,false,true,false
2,1,18,0.514254335383282,0.379995807690276,0.455715793618803,0.520989293220255,0.381212570113178,0.457598407364043,6.84,-1.88,true,true,false
2,2,19,0.513261511453968,0.373159594571079,0.502767668116572,0.520989293220255,0.381212570113178,0.502723750031990,11.16,0.04,true,true,false
2,3,20,0.523292441972105,0.380869022932729,0.543957407092538,0.520989293220255,0.381212570113178,0.544094337273928,2.33,-0.14,false,true,false
2,4,21,0.539190493241048,0.395081932973390,0.580943504778067,0.520989293220255,0.381212570113178,0.582078630428493,22.88,-1.14,true,true,false
2,5,22,0.523555807298264,0.385085025225667,0.624401685777580,0.520989293220255,0.381212570113178,0.623302252087720,4.65,1.10,false,true,false
2,6,23,0.522557141836422,0.387166883921357,0.666861966926058,0.520989293220255,0.381212570113178,0.665631637166848,6.16,1.23,true,true,false
3,1,24,0.430680952067130,0.477099858938113,0.456862576472518,0.432891847587425,0.477850109754716,0.457598407364043,2.33,-0.74,false,true,false
3,2,25,0.428719415006239,0.470048112596914,0.502679831947407,0.432891847587425,0.477850109754716,0.502723750031990,8.85,-0.04,true,true,false
3,3,26,0.432443243441497,0.476175887347719,0.544231267455318,0.432891847587425,0.477850109754716,0.544094337273928,1.73,0.14,false,true,false
3,4,27,0.435584014303384,0.475903005466182,0.581316362865744,0.432891847587425,0.477850109754716,0.582078630428493,3.32,-0.76,false,true,false
3,5,28,0.428073888128330,0.481860199905233,0.619380032897308,0.432891847587425,0.477850109754716,0.623302252087720,6.27,-3.92,true,true,false
3,6,29,0.440033475001540,0.486363331684856,0.664143698081848,0.432891847587425,0.477850109754716,0.665631637166848,11.11,-1.49,true,true,false
4,1,30,0.352279300307118,0.555647818248452,0.458334238255567,0.354470713692890,0.563873323947016,0.457598407364043,8.51,0.74,true,true,false
4,2,31,0.350223845051028,0.557399757549665,0.499393591287023,0.354470713692890,0.563873323947016,0.502723750031990,7.74,-3.33,true,true,false
4,3,32,0.347441535060586,0.555527865544845,0.541232723569275,0.354470713692890,0.563873323947016,0.544094337273928,10.91,-2.86,true,true,false
4,4,33,0.357215361797385,0.574894727405688,0.582840897991243,0.354470713692890,0.563873323947016,0.582078630428493,11.36,0.76,true,true,false
4,5,34,0.359816036007688,0.570851234367773,0.622202818397860,0.354470713692890,0.563873323947016,0.623302252087720,8.79,-1.10,true,true,false
4,6,35,0.359394937879005,0.572790825856615,0.664401307407639,0.354470713692890,0.563873323947016,0.665631637166848,10.19,-1.23,true,true,false
