capture_id,captured_utc,peg,location,pose_role,teaching_method,tcp_frame,tcp_x_m,tcp_y_m,tcp_z_m,tcp_qx,tcp_qy,tcp_qz,tcp_qw,shoulder_pan_rad,shoulder_lift_rad,elbow_rad,wrist_1_rad,wrist_2_rad,wrist_3_rad,shoulder_pan_velocity_rad_s,shoulder_lift_velocity_rad_s,elbow_velocity_rad_s,wrist_1_velocity_rad_s,wrist_2_velocity_rad_s,wrist_3_velocity_rad_s,tool_output_0,tool_output_1,processing,replay_validated,source_file,source_line,note_post_clearance,note_freedrive
peg1_location1_source_approach,2026-09-29T22:05:57.253277+00:00,1,1,source_approach,freedrive,base,0.5986395545054213,0.29463210467241446,0.46609303004799785,-0.5303046537621582,-0.46528021762808375,-0.7086302054110655,0.011598502542647883,0.5805267095565796,-1.8440616766559046,-1.9869731108294886,0.6942211389541626,-4.554495636616842,-2.274092499409811,0,0,0,0,0,0,true,false,raw_unadjusted,false,2026-09-29.jsonl,12,Luke: each stack is on a post. Lift straight up the post before lateral transfer. Post ends just above location 6; location 7 is not feasible. Clearance height remains to be measured.,Luke: all poses are taught in freedrive and may need consistency adjustments. Preserve raw data; record any later adjusted targets separately.
peg1_location2_source_approach,2026-09-29T22:10:32.676089+00:00,1,2,source_approach,freedrive,base,0.5988944421667749,0.291819427694113,0.5058213005854049,-0.5234531850038923,-0.45995530345345165,-0.717177407232219,0.009718461297766481,0.5758772492408752,-1.8017218748675745,-1.9358237425433558,0.6254147291183472,-4.55200177827944,-2.2738884131061,0,0,0,0,0,0,true,false,raw_unadjusted,false,2026-09-29.jsonl,13,Luke: each stack is on a post. Lift straight up the post before lateral transfer. Post ends just above location 6; location 7 is not feasible. Clearance height remains to be measured.,Luke: all poses are taught in freedrive and may need consistency adjustments. Preserve raw data; record any later adjusted targets separately.
peg1_location3_source_approach,2026-09-29T22:11:36.731991+00:00,1,3,source_approach,freedrive,base,0.6113557795645168,0.2953149783918846,0.5445078321892171,-0.554422084114884,-0.44470311800116197,-0.701562803499994,0.051622884760364994,0.5856200456619263,-1.7413337866412562,-1.8636825720416468,0.45303475856781006,-4.5466066042529505,-2.175772015248434,0,0,0,0,0,0,true,false,raw_unadjusted,false,2026-09-29.jsonl,14,Luke: each stack is on a post. Lift straight up the post before lateral transfer. Post ends just above location 6; location 7 is not feasible. Clearance height remains to be measured.,Luke: all poses are taught in freedrive and may need consistency adjustments. Preserve raw data; record any later adjusted targets separately.
peg1_location4_source_approach,2026-09-29T22:12:27.242125+00:00,1,4,source_approach,freedrive,base,0.6000727925584717,0.2882562143377889,0.5849848459741877,-0.5305833269522839,-0.41120526178839406,-0.7404308306941771,0.033966907355761446,0.6135294437408447,-1.7436726729022425,-1.8203900496112269,0.52196204662323,-4.619245235119955,-2.17566425005068,0,0,0,0,0,0,true,false,raw_unadjusted,false,2026-09-29.jsonl,15,Luke: each stack is on a post. Lift straight up the post before lateral transfer. Post ends just above location 6; location 7 is not feasible. Clearance height remains to be measured.,Luke: all poses are taught in freedrive and may need consistency adjustments. Preserve raw data; record any later adjusted targets separately.
peg1_location5_source_approach,2026-09-29T22:17:18.289702+00:00,1,5,source_approach,freedrive,base,0.6012660751978998,0.2907451262984789,0.6260481945878351,-0.522593862521099,-0.4187649620447524,-0.7414194913869316,0.04276329279276436,0.6001677513122559,-1.7204421202289026,-1.738377873097555,0.42154812812805176,-4.578185502682821,-2.175700012837545,0,0,0,0,0,0,true,false,raw_unadjusted,false,2026-09-29.jsonl,16,Luke: each stack is on a post. Lift straight up the post before lateral transfer. Post ends just above location 6; location 7 is not feasible. Clearance height remains to be measured.,Luke: all poses are taught in freedrive and may need consistency adjustments. Preserve raw data; record any later adjusted targets separately.
peg1_location6_source_approach,2026-09-29T22:17:48.617768+00:00,1,6,source_approach,freedrive,base,0.6052022892977829,0.29225259359457634,0.6679228418134378,-0.5156969733116391,-0.41382892548202976,-0.7490523403090857,0.04150715154145177,0.5990292429924011,-1.7195547262774866,-1.6419990698443812,0.3470122814178467,-4.57888096967806,-2.1757476965533655,0,0,0,0,0,0,true,false,raw_unadjusted,false,2026-09-29.jsonl,17,Luke: each stack is on a post. Lift straight up the post before lateral transfer. Post ends just above location 6; location 7 is not feasible. Clearance height remains to be measured.,Luke: all poses are taught in freedrive and may need consistency adjustments. Preserve raw data; record any later adjusted targets separately.
peg2_location1_source_approach,2026-09-29T22:18:34.819833+00:00,2,1,source_approach,freedrive,base,0.5142543353832819,0.3799958076902755,0.45571579361880293,-0.5506898523847331,-0.4529957917250484,-0.6987757347546333,0.05699097891771891,0.893668532371521,-1.7589519659625452,-2.1116660276996058,0.7121723890304565,-4.834462825451986,-2.1758912245379847,0,0,0,0,0,0,true,false,raw_unadjusted,false,2026-09-29.jsonl,18,Luke: each stack is on a post. Lift straight up the post before lateral transfer. Post ends just above location 6; location 7 is not feasible. Clearance height remains to be measured.,Luke: all poses are taught in freedrive and may need consistency adjustments. Preserve raw data; record any later adjusted targets separately.
peg2_location2_source_approach,2026-09-29T22:19:00.986009+00:00,2,2,source_approach,freedrive,base,0.5132615114539683,0.3731595945710792,0.5027676681165725,-0.5273810453563391,-0.4233868350645141,-0.7340988693236368,0.06092348439368077,0.8908529877662659,-1.7568896452533167,-2.0387962500201624,0.7401589155197144,-4.841569487248556,-2.1758559385882776,0,0,0,0,-0.00004793690095539205,0,true,false,raw_unadjusted,false,2026-09-29.jsonl,19,Luke: each stack is on a post. Lift straight up the post before lateral transfer. Post ends just above location 6; location 7 is not feasible. Clearance height remains to be measured.,Luke: all poses are taught in freedrive and may need consistency adjustments. Preserve raw data; record any later adjusted targets separately.
peg2_location3_source_approach,2026-09-29T22:19:20.962068+00:00,2,3,source_approach,freedrive,base,0.5232924419721053,0.3808690229327288,0.5439574070925384,-0.544610974841788,-0.4397840726519273,-0.7119966695935246,0.05522316553124222,0.8852705955505371,-1.6731913725482386,-1.9661825338946741,0.518046498298645,-4.83902889886965,-2.1758435408221644,0,0,0,0,0,0,true,false,raw_unadjusted,false,2026-09-29.jsonl,20,Luke: each stack is on a post. Lift straight up the post before lateral transfer. Post ends just above location 6; location 7 is not feasible. Clearance height remains to be measured.,Luke: all poses are taught in freedrive and may need consistency adjustments. Preserve raw data; record any later adjusted targets separately.
peg2_location4_source_approach,2026-09-29T22:19:59.665645+00:00,2,4,source_approach,freedrive,base,0.539190493241048,0.39508193297338984,0.5809435047780667,-0.5591438057723119,-0.4843114549176749,-0.6689599407430917,0.07275449665126751,0.8378055691719055,-1.6083644072162073,-1.8521612326251429,0.22464537620544434,-4.726096693669454,-2.1758912245379847,0,0,0,0,0,0,true,false,raw_unadjusted,false,2026-09-29.jsonl,21,Luke: each stack is on a post. Lift straight up the post before lateral transfer. Post ends just above location 6; location 7 is not feasible. Clearance height remains to be measured.,Luke: all poses are taught in freedrive and may need consistency adjustments. Preserve raw data; record any later adjusted targets separately.
peg2_location5_source_approach,2026-09-29T22:20:19.814949+00:00,2,5,source_approach,freedrive,base,0.5235558072982639,0.38508502522566707,0.62440168577758,-0.5410637088392232,-0.431889970908563,-0.7195445830815017,0.0545592243696048,0.8963279128074646,-1.618100945149557,-1.8172853628741663,0.33592677116394043,-4.857423845921652,-2.175879780446188,0,0,0,0,0,0,true,false,raw_unadjusted,false,2026-09-29.jsonl,22,Luke: each stack is on a post. Lift straight up the post before lateral transfer. Post ends just above location 6; location 7 is not feasible. Clearance height remains to be measured.,Luke: all poses are taught in freedrive and may need consistency adjustments. Preserve raw data; record any later adjusted targets separately.
peg2_location6_source_approach,2026-09-29T22:20:42.315819+00:00,2,6,source_approach,freedrive,base,0.5225571418364218,0.38716688392135656,0.6668619669260576,-0.5226937621651007,-0.43204642757403955,-0.7316723331044412,0.0691571571401474,0.8792567849159241,-1.621314827595846,-1.7259228865252894,0.28655779361724854,-4.804503027592794,-2.1758559385882776,0,0,0,0,0,0,true,false,raw_unadjusted,false,2026-09-29.jsonl,23,Luke: each stack is on a post. Lift straight up the post before lateral transfer. Post ends just above location 6; location 7 is not feasible. Clearance height remains to be measured.,Luke: all poses are taught in freedrive and may need consistency adjustments. Preserve raw data; record any later adjusted targets separately.
peg3_location1_source_approach,2026-09-29T22:21:19.707752+00:00,3,1,source_approach,freedrive,base,0.4306809520671305,0.47709985893811346,0.4568625764725183,-0.5651182690626693,-0.46020456289595785,-0.684060523706297,0.030237429917561974,1.235465407371521,-1.73700458208193,-2.098152462636129,0.6226366758346558,-5.217409793530599,-2.175819698964254,0,0,0,0,0,0,true,false,raw_unadjusted,false,2026-09-29.jsonl,24,Luke: each stack is on a post. Lift straight up the post before lateral transfer. Post ends just above location 6; location 7 is not feasible. Clearance height remains to be measured.,Luke: all poses are taught in freedrive and may need consistency adjustments. Preserve raw data; record any later adjusted targets separately.
peg3_location2_source_approach,2026-09-29T22:21:56.841606+00:00,3,2,source_approach,freedrive,base,0.4287194150062391,0.47004811259691426,0.502679831947407,-0.5416865874237902,-0.44825824656071916,-0.7080993389220783,0.06508080833543696,1.203824758529663,-1.705402676259176,-2.04641038576235,0.6229838132858276,-5.131483618413107,-2.1759031454669397,0,0,0,0,0,0,true,false,raw_unadjusted,false,2026-09-29.jsonl,25,Luke: each stack is on a post. Lift straight up the post before lateral transfer. Post ends just above location 6; location 7 is not feasible. Clearance height remains to be measured.,Luke: all poses are taught in freedrive and may need consistency adjustments. Preserve raw data; record any later adjusted targets separately.
peg3_location3_source_approach,2026-09-29T22:22:27.570144+00:00,3,3,source_approach,freedrive,base,0.4324432434414973,0.4761758873477189,0.544231267455318,-0.5398175066209221,-0.44630047475936296,-0.7105412670665872,0.0674095955376295,1.1990940570831299,-1.6712244192706507,-1.966421906148092,0.5169812440872192,-5.124188963566915,-2.1759632269488733,0,0,0,0,0,0,true,false,raw_unadjusted,false,2026-09-29.jsonl,26,Luke: each stack is on a post. Lift straight up the post before lateral transfer. Post ends just above location 6; location 7 is not feasible. Clearance height remains to be measured.,Luke: all poses are taught in freedrive and may need consistency adjustments. Preserve raw data; record any later adjusted targets separately.
peg3_location4_source_approach,2026-09-29T22:22:57.689702+00:00,3,4,source_approach,freedrive,base,0.43558401430338356,0.47590300546618247,0.5813163628657443,-0.5440513606928988,-0.45292255263666464,-0.7035119946362691,0.06277062724070179,1.1926389932632446,-1.6191685835467737,-1.9044106642352503,0.37992167472839355,-5.120032731686727,-2.175939385090963,0,0,0,0,0,0,true,false,raw_unadjusted,false,2026-09-29.jsonl,27,Luke: each stack is on a post. Lift straight up the post before lateral transfer. Post ends just above location 6; location 7 is not feasible. Clearance height remains to be measured.,Luke: all poses are taught in freedrive and may need consistency adjustments. Preserve raw data; record any later adjusted targets separately.
peg3_location5_source_approach,2026-09-29T22:23:27.305483+00:00,3,5,source_approach,freedrive,base,0.4280738881283298,0.4818601999052326,0.6193800328973077,-0.5595400128784359,-0.44327016873299363,-0.6992490887366981,0.038434924226808664,1.2481716871261597,-1.5868876616107386,-1.8244307676898401,0.24831128120422363,-5.233697835599081,-2.176023308430807,0,0,0,0,0,0,true,false,raw_unadjusted,false,2026-09-29.jsonl,28,Luke: each stack is on a post. Lift straight up the post before lateral transfer. Post ends just above location 6; location 7 is not feasible. Clearance height remains to be measured.,Luke: all poses are taught in freedrive and may need consistency adjustments. Preserve raw data; record any later adjusted targets separately.
peg3_location6_source_approach,2026-09-29T22:24:05.596477+00:00,3,6,source_approach,freedrive,base,0.44003347500154044,0.4863633316848555,0.6641436980818481,-0.5751893554007382,-0.43173274770033965,-0.6921664874048353,0.060577171528970124,1.2372862100601196,-1.5829785505877894,-1.6978233496295374,0.10076785087585449,-5.2163559834109705,-2.1098273436175745,0,0,0,0,0,0,true,false,raw_unadjusted,false,2026-09-29.jsonl,29,Luke: each stack is on a post. Lift straight up the post before lateral transfer. Post ends just above location 6; location 7 is not feasible. Clearance height remains to be measured.,Luke: all poses are taught in freedrive and may need consistency adjustments. Preserve raw data; record any later adjusted targets separately.
peg4_location1_source_approach,2026-09-29T22:27:25.513713+00:00,4,1,source_approach,freedrive,base,0.3522793003071178,0.5556478182484519,0.458334238255567,-0.5662483881766165,-0.4272697978752606,-0.69984531456229,0.0837843565125796,1.4707703590393066,-1.8487275282489222,-1.9852350393878382,0.6843899488449097,-5.415679458771841,-2.092975918446676,0,0,0,0,0,0,true,false,raw_unadjusted,false,2026-09-29.jsonl,30,Luke: each stack is on a post. Lift straight up the post before lateral transfer. Post ends just above location 6; location 7 is not feasible. Clearance height remains to be measured.,Luke: all poses are taught in freedrive and may need consistency adjustments. Preserve raw data; record any later adjusted targets separately.
peg4_location2_source_approach,2026-09-29T22:27:47.241565+00:00,4,2,source_approach,freedrive,base,0.35022384505102755,0.557399757549665,0.499393591287023,-0.5803831997419778,-0.4212557480478813,-0.6948336197884946,0.05389969392771551,1.4985255002975464,-1.7867415587054651,-1.9221914450274866,0.5272418260574341,-5.50330770412554,-2.0930116812335413,0,0.000012783173588104546,0,-0.00004793690095539205,0,0,true,false,raw_unadjusted,false,2026-09-29.jsonl,31,Luke: each stack is on a post. Lift straight up the post before lateral transfer. Post ends just above location 6; location 7 is not feasible. Clearance height remains to be measured.,Luke: all poses are taught in freedrive and may need consistency adjustments. Preserve raw data; record any later adjusted targets separately.
peg4_location3_source_approach,2026-09-29T22:28:07.268128+00:00,4,3,source_approach,freedrive,base,0.3474415350605862,0.5555278655448453,0.5412327235692751,-0.5756311899173646,-0.3988289273096489,-0.7099928164001655,0.0741243589888938,1.503135323524475,-1.7712214628802698,-1.8490436712848108,0.5067199468612671,-5.503511075173513,-2.0930236021624964,0,0,0,0,0,0,true,false,raw_unadjusted,false,2026-09-29.jsonl,32,Luke: each stack is on a post. Lift straight up the post before lateral transfer. Post ends just above location 6; location 7 is not feasible. Clearance height remains to be measured.,Luke: all poses are taught in freedrive and may need consistency adjustments. Preserve raw data; record any later adjusted targets separately.
peg4_location4_source_approach,2026-09-29T22:28:33.657764+00:00,4,4,source_approach,freedrive,base,0.3572153617973851,0.5748947274056884,0.5828408979912425,-0.579687109656577,-0.45876342780151486,-0.6720665423230525,0.042726278795894884,1.47504460811615,-1.678995434437887,-1.770721737538473,0.18334853649139404,-5.44861734310259,-2.0933707396136683,0,0,0,0,0,0,true,false,raw_unadjusted,false,2026-09-29.jsonl,33,Luke: each stack is on a post. Lift straight up the post before lateral transfer. Post ends just above location 6; location 7 is not feasible. Clearance height remains to be measured.,Luke: all poses are taught in freedrive and may need consistency adjustments. Preserve raw data; record any later adjusted targets separately.
peg4_location5_source_approach,2026-09-29T22:28:53.203695+00:00,4,5,source_approach,freedrive,base,0.3598160360076875,0.570851234367773,0.6222028183978601,-0.5759662367164894,-0.43897973236933713,-0.6870205184711905,0.05968664784662457,1.467609167098999,-1.6803630034076136,-1.6936758200274866,0.16814613342285156,-5.439111236725942,-2.0933950583087366,0,0,0,0,0,0,true,false,raw_unadjusted,false,2026-09-29.jsonl,34,Luke: each stack is on a post. Lift straight up the post before lateral transfer. Post ends just above location 6; location 7 is not feasible. Clearance height remains to be measured.,Luke: all poses are taught in freedrive and may need consistency adjustments. Preserve raw data; record any later adjusted targets separately.
peg4_location6_source_approach,2026-09-29T22:29:10.724311+00:00,4,6,source_approach,freedrive,base,0.35939493787900484,0.5727908258566146,0.6644013074076393,-0.5692884280692405,-0.42986463086680116,-0.6965022774546865,0.07753491018010518,1.4619818925857544,-1.6827252546893519,-1.599997345601217,0.1191176176071167,-5.414757792149679,-2.093418900166647,0,0,0,0,0,0,true,false,raw_unadjusted,false,2026-09-29.jsonl,35,Luke: each stack is on a post. Lift straight up the post before lateral transfer. Post ends just above location 6; location 7 is not feasible. Clearance height remains to be measured.,Luke: all poses are taught in freedrive and may need consistency adjustments. Preserve raw data; record any later adjusted targets separately.
peg4_location6_clearance,2026-09-30T14:51:46.468056+00:00,4,6,clearance,freedrive,base,0.3476976166359411,0.5929177600038604,0.7725834435612121,-0.5446079045045927,-0.4834461700280288,-0.6842666060443672,0.03822620683339434,1.4626882076263428,-1.673586670552389,-1.312418286000387,-0.23193580309023076,0.8929734826087952,-2.1943839232074183,0,0,0,0,0,0,false,false,raw_unadjusted,false,2026-09-29.jsonl,36,Luke: each stack is on a post. Lift straight up the post before lateral transfer. Post ends just above location 6; location 7 is not feasible. Clearance height remains to be measured.,Luke: all poses are taught in freedrive and may need consistency adjustments. Preserve raw data; record any later adjusted targets separately.
peg3_location7_source_approach,2026-09-30T15:00:54.302161+00:00,3,7,source_approach,freedrive,base,0.4351223540845396,0.5119985804458976,0.7520509710098673,-0.5534282374217824,-0.49345233275916334,-0.6696971642351905,0.04156548488955184,1.216986894607544,-1.5769956747638147,-1.441019360219137,-0.2320192495929163,1.1478805541992188,-2.1938331762896937,-0.00006391586794052273,0.00012783173588104546,0,0,0,0,false,false,raw_unadjusted,false,2026-09-29.jsonl,37,Luke: each stack is on a post. Lift straight up the post before lateral transfer. Post ends just above location 6; location 7 is not feasible. Clearance height remains to be measured.,Luke: all poses are taught in freedrive and may need consistency adjustments. Preserve raw data; record any later adjusted targets separately.
peg2_location7_source_approach,2026-09-30T15:01:18.684252+00:00,2,7,source_approach,freedrive,base,0.5339605523536977,0.41142397156987603,0.7506379955035825,-0.5616489275363475,-0.4874418426233042,-0.6661429427752429,0.05660840969333154,0.8820719122886658,-1.5746334234820765,-1.4411876837359827,-0.23206741014589483,1.490175485610962,-2.1939647833453577,0,0,0,0,0,0,false,false,raw_unadjusted,false,2026-09-29.jsonl,38,Luke: each stack is on a post. Lift straight up the post before lateral transfer. Post ends just above location 6; location 7 is not feasible. Clearance height remains to be measured.,Luke: all poses are taught in freedrive and may need consistency adjustments. Preserve raw data; record any later adjusted targets separately.
peg1_location7_source_approach,2026-09-30T15:02:06.251877+00:00,1,7,source_approach,freedrive,base,0.611638500323247,0.32467590722818984,0.7480034790950038,-0.5774920794040562,-0.4693639430931692,-0.6661338683699339,0.049659405555430844,0.6328820586204529,-1.6327784697162073,-1.385507885609762,-0.23200732866396123,1.6955888271331787,-2.194228474293844,0,0,0,0,0,0,false,false,raw_unadjusted,false,2026-09-29.jsonl,39,Luke: each stack is on a post. Lift straight up the post before lateral transfer. Post ends just above location 6; location 7 is not feasible. Clearance height remains to be measured.,Luke: all poses are taught in freedrive and may need consistency adjustments. Preserve raw data; record any later adjusted targets separately.
peg8_location1_source_approach,2026-09-30T15:36:21.514011+00:00,8,1,source_approach,freedrive,base,0.3163307234664664,0.5347162799726829,0.45627233380130067,-0.5626057624946859,-0.41917947149323126,-0.7051542860413204,0.1025707539407998,1.5512800216674805,-1.8032453695880335,-2.068737808858053,0.7522662878036499,0.8061923384666443,-2.0818851629840296,0,0,0,0,0,0,true,false,raw_unadjusted,false,2026-09-29.jsonl,40,Luke: each stack is on a post. Lift straight up the post before lateral transfer. Post ends just above location 6; location 7 is not feasible. Clearance height remains to be measured.,Luke: all poses are taught in freedrive and may need consistency adjustments. Preserve raw data; record any later adjusted targets separately.
peg8_location2_source_approach,2026-09-30T15:36:46.612365+00:00,8,2,source_approach,freedrive,base,0.31646077453821897,0.5320587411737394,0.5090857162092928,-0.5756275174016785,-0.432744416157094,-0.6907797613477696,0.0648733597646568,1.568760871887207,-1.677316967641012,-2.0182927290545862,0.4996684789657593,0.7429927587509155,-2.0820048491107386,0,0,-0.000012783173588104546,0,0,0,true,false,raw_unadjusted,false,2026-09-29.jsonl,41,Luke: each stack is on a post. Lift straight up the post before lateral transfer. Post ends just above location 6; location 7 is not feasible. Clearance height remains to be measured.,Luke: all poses are taught in freedrive and may need consistency adjustments. Preserve raw data; record any later adjusted targets separately.
peg8_location3_source_approach,2026-09-30T15:38:00.092847+00:00,8,3,source_approach,freedrive,base,0.33799021516595396,0.5337206562858903,0.5463482789662133,-0.576910011207074,-0.3944660952633567,-0.7080880636813498,0.10090903194823947,1.519335389137268,-1.70758563676943,-1.9091466108905237,0.508360743522644,0.7948788404464722,-2.052662197743551,0,0,0,0,0,0,true,false,raw_unadjusted,false,2026-09-29.jsonl,42,Luke: each stack is on a post. Lift straight up the post before lateral transfer. Post ends just above location 6; location 7 is not feasible. Clearance height remains to be measured.,Luke: all poses are taught in freedrive and may need consistency adjustments. Preserve raw data; record any later adjusted targets separately.
peg8_location4_source_approach,2026-09-30T15:38:28.804539+00:00,8,4,source_approach,freedrive,base,0.34229727693008277,0.5345054584848005,0.5824898984560303,-0.5805555685162294,-0.3945171366694901,-0.7061703391088094,0.09292423204877143,1.5141150951385498,-1.6734073797809046,-1.8421381155597132,0.39550864696502686,0.7864745259284973,-2.0526145140277308,-0.00003834952076431364,0,0,0,0,0,true,false,raw_unadjusted,false,2026-09-29.jsonl,43,Luke: each stack is on a post. Lift straight up the post before lateral transfer. Post ends just above location 6; location 7 is not feasible. Clearance height remains to be measured.,Luke: all poses are taught in freedrive and may need consistency adjustments. Preserve raw data; record any later adjusted targets separately.
peg8_location4_source_approach,2026-09-30T15:38:50.381217+00:00,8,4,source_approach,freedrive,base,0.3427668637340454,0.5432206018190235,0.6248553687423242,-0.5824620680397785,-0.416271391693925,-0.6935101902085634,0.08062061664927474,1.511061429977417,-1.6261714140521448,-1.7572711149798792,0.20801877975463867,0.7980872392654419,-2.052638355885641,0,0,0,0,0,0,true,false,raw_unadjusted,false,2026-09-29.jsonl,44,Luke: each stack is on a post. Lift straight up the post before lateral transfer. Post ends just above location 6; location 7 is not feasible. Clearance height remains to be measured.,Luke: all poses are taught in freedrive and may need consistency adjustments. Preserve raw data; record any later adjusted targets separately.
peg8_location5_source_approach,2026-09-30T15:38:55.205569+00:00,8,5,source_approach,freedrive,base,0.3427664103216538,0.5432402951077724,0.6248069745298293,-0.5824682715646343,-0.416304216505801,-0.6934864113748851,0.08061085025219994,1.5110853910446167,-1.6261833349811,-1.7573311964618128,0.2079712152481079,0.7981112003326416,-2.052650276814596,0,0,0,0,0,0,true,false,raw_unadjusted,false,2026-09-29.jsonl,46,Luke: each stack is on a post. Lift straight up the post before lateral transfer. Post ends just above location 6; location 7 is not feasible. Clearance height remains to be measured.,Luke: all poses are taught in freedrive and may need consistency adjustments. Preserve raw data; record any later adjusted targets separately.
peg8_location6_source_approach,2026-09-30T15:39:14.122461+00:00,8,6,source_approach,freedrive,base,0.3435771204052115,0.5457673398608835,0.6656612171771058,-0.5814801824492879,-0.4089661050410627,-0.6980307270736817,0.08591057215077007,1.5100078582763672,-1.6255715529071253,-1.6598952452289026,0.13023746013641357,0.798075258731842,-2.052638355885641,0,0,0,0,0,0,true,false,raw_unadjusted,false,2026-09-29.jsonl,47,Luke: each stack is on a post. Lift straight up the post before lateral transfer. Post ends just above location 6; location 7 is not feasible. Clearance height remains to be measured.,Luke: all poses are taught in freedrive and may need consistency adjustments. Preserve raw data; record any later adjusted targets separately.
peg5_location1_source_approach,2026-09-30T15:54:05.393833+00:00,5,1,source_approach,freedrive,base,0.5854960619287837,0.2641205954014426,0.45842254723250236,-0.5883296256749222,-0.4027561811849777,-0.696099219851801,0.08427090952525258,0.6107969880104065,-1.7595155874835413,-2.089494530354635,0.6907721757888794,1.682557463645935,-2.0526865164386194,0,0,0,0,0,0,true,false,raw_unadjusted,false,2026-09-29.jsonl,48,Luke: each stack is on a post. Lift straight up the post before lateral transfer. Post ends just above location 6; location 7 is not feasible. Clearance height remains to be measured.,Luke: all poses are taught in freedrive and may need consistency adjustments. Preserve raw data; record any later adjusted targets separately.
peg5_location2_source_approach,2026-09-30T15:54:32.588014+00:00,5,2,source_approach,freedrive,base,0.5805300124079371,0.26724072955628353,0.503756385518074,-0.5525010785378561,-0.4005363600783416,-0.7276690424560184,0.06936099134845228,0.6111205816268921,-1.7569134871112269,-2.0179322401629847,0.7025796175003052,1.683528184890747,-2.0955989996539515,0,0,0,0,0,0,true,false,raw_unadjusted,false,2026-09-29.jsonl,49,Luke: each stack is on a post. Lift straight up the post before lateral transfer. Post ends just above location 6; location 7 is not feasible. Clearance height remains to be measured.,Luke: all poses are taught in freedrive and may need consistency adjustments. Preserve raw data; record any later adjusted targets separately.
peg5_location3_source_approach,2026-09-30T15:55:02.689976+00:00,5,3,source_approach,freedrive,base,0.5858372472268719,0.27162263622725147,0.5461196710635126,-0.5669834888098609,-0.4089928466832695,-0.7115843513057705,0.07001632492254559,0.612126886844635,-1.6759374777423304,-1.9528010527240198,0.5098809003829956,1.683528184890747,-2.095658604298727,0,0,0,0,0,0,true,false,raw_unadjusted,false,2026-09-29.jsonl,50,Luke: each stack is on a post. Lift straight up the post before lateral transfer. Post ends just above location 6; location 7 is not feasible. Clearance height remains to be measured.,Luke: all poses are taught in freedrive and may need consistency adjustments. Preserve raw data; record any later adjusted targets separately.
peg5_location4_source_approach,2026-09-30T15:55:29.188988+00:00,5,4,source_approach,freedrive,base,0.5835824216465079,0.26975138122554526,0.5830702403926226,-0.5720537168987466,-0.41150788869161736,-0.7060714777886323,0.06984891395199454,0.611983060836792,-1.618532959614889,-1.9005253950702112,0.38451874256134033,1.682833194732666,-2.0958741346942347,0,0,0,0,0,0,true,false,raw_unadjusted,false,2026-09-29.jsonl,51,Luke: each stack is on a post. Lift straight up the post before lateral transfer. Post ends just above location 6; location 7 is not feasible. Clearance height remains to be measured.,Luke: all poses are taught in freedrive and may need consistency adjustments. Preserve raw data; record any later adjusted targets separately.
peg5_location5_source_approach,2026-09-30T15:55:59.331845+00:00,5,5,source_approach,freedrive,base,0.5775194692414318,0.26665672161713083,0.6265286487503061,-0.5604398581671234,-0.40668810904379243,-0.7179423730693826,0.07120882172527904,0.61175537109375,-1.592344109212057,-1.8331463972674769,0.3252601623535156,1.6873522996902466,-2.0958622137652796,0,0,0,0,0,0,true,false,raw_unadjusted,false,2026-09-29.jsonl,52,Luke: each stack is on a post. Lift straight up the post before lateral transfer. Post ends just above location 6; location 7 is not feasible. Clearance height remains to be measured.,Luke: all poses are taught in freedrive and may need consistency adjustments. Preserve raw data; record any later adjusted targets separately.
peg5_location6_source_approach,2026-09-30T15:56:24.537871+00:00,5,6,source_approach,freedrive,base,0.5765445764154224,0.2659343599326309,0.6609246056216345,-0.5722688604813451,-0.4132355348831996,-0.7047197678923467,0.0715177794323612,0.6117673516273499,-1.5463479200946253,-1.7647393385516565,0.1730417013168335,1.6873762607574463,-2.095814053212301,0,0,0,0,0,0,true,false,raw_unadjusted,false,2026-09-29.jsonl,53,Luke: each stack is on a post. Lift straight up the post before lateral transfer. Post ends just above location 6; location 7 is not feasible. Clearance height remains to be measured.,Luke: all poses are taught in freedrive and may need consistency adjustments. Preserve raw data; record any later adjusted targets separately.
peg6_location1_source_approach,2026-09-30T15:57:02.226025+00:00,6,1,source_approach,freedrive,base,0.5066056558364447,0.3638146892225431,0.4603310927519302,-0.5934991749627722,-0.4620971710749352,-0.6540691667769752,0.0801152849007247,0.8984484076499939,-1.6080883185016077,-2.1663363615619105,0.5001829862594604,1.4584888219833374,-2.0958860556231897,0,0,0,0,0,0,true,false,raw_unadjusted,false,2026-09-29.jsonl,54,Luke: each stack is on a post. Lift straight up the post before lateral transfer. Post ends just above location 6; location 7 is not feasible. Clearance height remains to be measured.,Luke: all poses are taught in freedrive and may need consistency adjustments. Preserve raw data; record any later adjusted targets separately.
peg6_location2_source_approach,2026-09-30T15:57:37.148560+00:00,6,2,source_approach,freedrive,base,0.5014396314547054,0.3536844643456479,0.5050991739010661,-0.5708736750600164,-0.43806570336143796,-0.6889135140630931,0.08717715757674065,0.8946987986564636,-1.5952933470355433,-2.11868125597109,0.5368326902389526,1.458380937576294,-2.095897976552145,0,0,0,0,0,0,true,false,raw_unadjusted,false,2026-09-29.jsonl,55,Luke: each stack is on a post. Lift straight up the post before lateral transfer. Post ends just above location 6; location 7 is not feasible. Clearance height remains to be measured.,Luke: all poses are taught in freedrive and may need consistency adjustments. Preserve raw data; record any later adjusted targets separately.
peg6_location3_source_approach,2026-09-30T15:58:07.961769+00:00,6,3,source_approach,freedrive,base,0.4980800025711425,0.34969280087186533,0.5511016406822435,-0.5651951461045636,-0.4326895114215695,-0.6966918900989846,0.08918880981327769,0.8949025273323059,-1.540124241505758,-2.0551274458514612,0.4404040575027466,1.4584048986434937,-2.0959818998919886,0,0,0,0,0,0,true,false,raw_unadjusted,false,2026-09-29.jsonl,56,Luke: each stack is on a post. Lift straight up the post before lateral transfer. Post ends just above location 6; location 7 is not feasible. Clearance height remains to be measured.,Luke: all poses are taught in freedrive and may need consistency adjustments. Preserve raw data; record any later adjusted targets separately.
peg6_location4_source_approach,2026-09-30T15:58:32.345633+00:00,6,4,source_approach,freedrive,base,0.5007524939377153,0.35300687220317595,0.5857839335060827,-0.5657978446111492,-0.4332269090146416,-0.6958816956266559,0.08908372483662433,0.8949025273323059,-1.5130036512957972,-1.9829323927508753,0.33881163597106934,1.458380937576294,-2.0959818998919886,0,0,0,0,0,0,true,false,raw_unadjusted,false,2026-09-29.jsonl,57,Luke: each stack is on a post. Lift straight up the post before lateral transfer. Post ends just above location 6; location 7 is not feasible. Clearance height remains to be measured.,Luke: all poses are taught in freedrive and may need consistency adjustments. Preserve raw data; record any later adjusted targets separately.
peg6_location5_source_approach,2026-09-30T15:59:00.948306+00:00,6,5,source_approach,freedrive,base,0.5017702117454241,0.3548013680033852,0.6244903830361035,-0.5719983491523432,-0.4396837699764454,-0.6869675855869203,0.08701498341763805,0.8954175114631653,-1.4722026030169886,-1.9000104109393519,0.1896446943283081,1.4585607051849365,-2.0965450445758265,0,0,0,0,0,0,true,false,raw_unadjusted,false,2026-09-29.jsonl,58,Luke: each stack is on a post. Lift straight up the post before lateral transfer. Post ends just above location 6; location 7 is not feasible. Clearance height remains to be measured.,Luke: all poses are taught in freedrive and may need consistency adjustments. Preserve raw data; record any later adjusted targets separately.
peg6_location6_source_approach,2026-09-30T15:59:23.324816+00:00,6,6,source_approach,freedrive,base,0.505057656020546,0.3587865870319107,0.6642239142131762,-0.5703845464769124,-0.43804388525633114,-0.6892733838262631,0.08764260424335907,0.8952740430831909,-1.4710400740252894,-1.8021553198443812,0.09726095199584961,1.4585607051849365,-2.0965808073626917,0,0,0,0,0,0,true,false,raw_unadjusted,false,2026-09-29.jsonl,59,Luke: each stack is on a post. Lift straight up the post before lateral transfer. Post ends just above location 6; location 7 is not feasible. Clearance height remains to be measured.,Luke: all poses are taught in freedrive and may need consistency adjustments. Preserve raw data; record any later adjusted targets separately.
peg7_location1_source_approach,2026-09-30T16:00:26.954552+00:00,7,1,source_approach,freedrive,base,0.41205064087058874,0.44574661219515793,0.45903167660402155,-0.5755784290824724,-0.4340217463545884,-0.6894862502075966,0.07030865125241853,1.2692968845367432,-1.6715124289142054,-2.1812661329852503,0.666199803352356,1.0513558387756348,-2.0930236021624964,0,0,0,0,0,0,true,false,raw_unadjusted,false,2026-09-29.jsonl,60,Luke: each stack is on a post. Lift straight up the post before lateral transfer. Post ends just above location 6; location 7 is not feasible. Clearance height remains to be measured.,Luke: all poses are taught in freedrive and may need consistency adjustments. Preserve raw data; record any later adjusted targets separately.
peg7_location2_source_approach,2026-09-30T16:00:58.369664+00:00,7,2,source_approach,freedrive,base,0.39487825314984826,0.4509480178912655,0.4996047173729772,-0.5454214953088374,-0.4445248937148725,-0.7076768906006066,0.06408143126296778,1.2831764221191406,-1.6286657492267054,-2.141153160725729,0.6397358179092407,1.063559889793396,-2.170262638722555,0,0,0,0,0,0,true,false,raw_unadjusted,false,2026-09-29.jsonl,61,Luke: each stack is on a post. Lift straight up the post before lateral transfer. Post ends just above location 6; location 7 is not feasible. Clearance height remains to be measured.,Luke: all poses are taught in freedrive and may need consistency adjustments. Preserve raw data; record any later adjusted targets separately.
peg7_location3_source_approach,2026-09-30T16:01:41.722556+00:00,7,3,source_approach,freedrive,base,0.40107589606059485,0.44604760638029695,0.5421527149973542,-0.5539982479023041,-0.4338128519641657,-0.7079658397903915,0.06063596689902686,1.280494213104248,-1.5697405974017542,-2.0723589102374476,0.5123952627182007,1.0418227910995483,-2.1561177412616175,0,0,0,0,0,0,true,false,raw_unadjusted,false,2026-09-29.jsonl,62,Luke: each stack is on a post. Lift straight up the post before lateral transfer. Post ends just above location 6; location 7 is not feasible. Clearance height remains to be measured.,Luke: all poses are taught in freedrive and may need consistency adjustments. Preserve raw data; record any later adjusted targets separately.
peg7_location4_source_approach,2026-09-30T16:02:20.874573+00:00,7,4,source_approach,freedrive,base,0.40169999162169706,0.44811230353701914,0.5881186590119509,-0.5516164218388645,-0.4275835781894655,-0.7132550547650202,0.06448901978266736,1.2806496620178223,-1.5371268431292933,-1.9848631064044397,0.4109649658203125,1.041642665863037,-2.1561058203326624,0,0,0,0,0,0,true,false,raw_unadjusted,false,2026-09-29.jsonl,63,Luke: each stack is on a post. Lift straight up the post before lateral transfer. Post ends just above location 6; location 7 is not feasible. Clearance height remains to be measured.,Luke: all poses are taught in freedrive and may need consistency adjustments. Preserve raw data; record any later adjusted targets separately.
peg7_location5_source_approach,2026-09-30T16:02:49.618193+00:00,7,5,source_approach,freedrive,base,0.401895389074594,0.4486596420490041,0.6285108622733991,-0.5505523719342799,-0.4247544171119381,-0.7155983642915322,0.06629292514831193,1.2806975841522217,-1.5114081541644495,-1.9046500364886683,0.3133728504180908,1.041678547859192,-2.1560218969928187,0,0,0,0,0,0,true,false,raw_unadjusted,false,2026-09-29.jsonl,64,Luke: each stack is on a post. Lift straight up the post before lateral transfer. Post ends just above location 6; location 7 is not feasible. Clearance height remains to be measured.,Luke: all poses are taught in freedrive and may need consistency adjustments. Preserve raw data; record any later adjusted targets separately.
peg7_location6_source_approach,2026-09-30T16:03:32.244745+00:00,7,6,source_approach,freedrive,base,0.40361835767733917,0.4533180567283964,0.6657710223751994,-0.5506488124769321,-0.424384549155457,-0.7157468416431595,0.06625781790631224,1.2802066802978516,-1.5034592787372034,-1.814671818410055,0.21607482433319092,1.041522741317749,-2.1560218969928187,0,0,0,0,0,0,true,false,raw_unadjusted,false,2026-09-29.jsonl,65,Luke: each stack is on a post. Lift straight up the post before lateral transfer. Post ends just above location 6; location 7 is not feasible. Clearance height remains to be measured.,Luke: all poses are taught in freedrive and may need consistency adjustments. Preserve raw data; record any later adjusted targets separately.
peg1_location7_clearance,2026-09-30T16:42:50.873853+00:00,1,7,clearance,freedrive,base,0.6170984112240312,0.3026430423196236,0.7077487957129037,-0.6237207429553335,-0.3917030635068017,-0.6761460373141519,0.019175011629802383,0.7076774835586548,-1.604682747517721,-1.5286319891559046,-0.0935290495501917,1.454330325126648,-2.0947721640216272,0,0,0,0,0,0,false,true,raw_unadjusted,false,2026-09-29.jsonl,66,Luke: each stack is on a post. Lift straight up the post before lateral transfer. Post ends just above location 6; location 7 is not feasible. Clearance height remains to be measured.,Luke: all poses are taught in freedrive and may need consistency adjustments. Preserve raw data; record any later adjusted targets separately.
peg7_location7_clearance,2026-09-30T16:42:59.908512+00:00,7,7,clearance,freedrive,base,0.6171105111711384,0.3026179350561283,0.7077402903730781,-0.6237273579992892,-0.3916923975445708,-0.6761469371936357,0.019145963352054013,0.7076175808906555,-1.604670826588766,-1.5286195913897913,-0.09354097047914678,1.4543063640594482,-2.0948084036456507,0,0,0,0,0,0,false,true,raw_unadjusted,false,2026-09-29.jsonl,68,Luke: each stack is on a post. Lift straight up the post before lateral transfer. Post ends just above location 6; location 7 is not feasible. Clearance height remains to be measured.,Luke: all poses are taught in freedrive and may need consistency adjustments. Preserve raw data; record any later adjusted targets separately.
peg8_location7_clearance,2026-09-30T16:43:35.538181+00:00,8,7,clearance,freedrive,base,0.5403990985684703,0.38448443885711003,0.7253502374300324,-0.5479946966884574,-0.45057604784068467,-0.6950878685932916,0.11634385436296034,0.8224103450775146,-1.5889866987811487,-1.5504701773272913,-0.0086444059955042,1.604086995124817,-2.0948084036456507,0,0,0,0,0,0,false,true,raw_unadjusted,false,2026-09-29.jsonl,69,Luke: each stack is on a post. Lift straight up the post before lateral transfer. Post ends just above location 6; location 7 is not feasible. Clearance height remains to be measured.,Luke: all poses are taught in freedrive and may need consistency adjustments. Preserve raw data; record any later adjusted targets separately.
peg8_location7_clearance,2026-09-30T16:43:54.466586+00:00,8,7,clearance,freedrive,base,0.43475585217015283,0.4768438298492752,0.7208424698088735,-0.5855683185946772,-0.4035384174180891,-0.7011424220765254,0.05163132663965015,1.2730332612991333,-1.574273411427633,-1.5743463675128382,-0.005604092274801076,0.976410984992981,-2.094856087361471,0,0,0,0,0,0,false,true,raw_unadjusted,false,2026-09-29.jsonl,70,Luke: each stack is on a post. Lift straight up the post before lateral transfer. Post ends just above location 6; location 7 is not feasible. Clearance height remains to be measured.,Luke: all poses are taught in freedrive and may need consistency adjustments. Preserve raw data; record any later adjusted targets separately.
peg7_location7_clearance,2026-09-30T16:44:07.756231+00:00,7,7,clearance,freedrive,base,0.43475096812634895,0.476854822108128,0.7208311041059834,-0.5855572037659549,-0.40354829261278524,-0.701145191911085,0.051642584240814436,1.2730332612991333,-1.5743334929095667,-1.5743463675128382,-0.005604092274801076,0.9764469861984253,-2.0947964827166956,0,0,0,0,0,0,false,true,raw_unadjusted,false,2026-09-29.jsonl,72,Luke: each stack is on a post. Lift straight up the post before lateral transfer. Post ends just above location 6; location 7 is not feasible. Clearance height remains to be measured.,Luke: all poses are taught in freedrive and may need consistency adjustments. Preserve raw data; record any later adjusted targets separately.
peg8_location7_clearance,2026-09-30T16:44:41.988067+00:00,8,7,clearance,freedrive,base,0.36800291874123703,0.5642844195644625,0.7160658310822836,-0.5921481784068648,-0.42658660965988987,-0.677346224936323,0.09266331978093983,1.456365704536438,-1.6420601050006312,-1.4772384802447718,-0.10585672060121709,0.8781501054763794,-2.0069716612445276,0,0,0,0,0,0,false,true,raw_unadjusted,false,2026-09-29.jsonl,73,Luke: each stack is on a post. Lift straight up the post before lateral transfer. Post ends just above location 6; location 7 is not feasible. Clearance height remains to be measured.,Luke: all poses are taught in freedrive and may need consistency adjustments. Preserve raw data; record any later adjusted targets separately.
peg6_location7_clearance,2026-09-30T16:45:06.369720+00:00,6,7,clearance,freedrive,base,0.5297765132045782,0.3918235146487836,0.7149936238376662,0.6692171087402383,0.3421615519598617,0.6578166162616506,0.04848951535999625,1.1156283617019653,-1.5699690024005335,-1.5139854590045374,-0.22768670717348272,0.8630993962287903,-2.0069597403155726,0,0,0,0,0,0,false,true,raw_unadjusted,false,2026-09-29.jsonl,74,Luke: each stack is on a post. Lift straight up the post before lateral transfer. Post ends just above location 6; location 7 is not feasible. Clearance height remains to be measured.,Luke: all poses are taught in freedrive and may need consistency adjustments. Preserve raw data; record any later adjusted targets separately.
peg5_location7_clearance,2026-09-30T16:45:26.643856+00:00,5,7,clearance,freedrive,base,0.6084982855626663,0.2950279710139779,0.7141439736835737,0.6693573818961628,0.2927276477231976,0.6816480172164028,0.040338569440480365,0.8562073707580566,-1.6116378943072718,-1.5114567915545862,-0.09446269670595342,1.0706501007080078,-2.007031265889303,0,0,0,0,0,0,false,true,raw_unadjusted,false,2026-09-29.jsonl,75,Luke: each stack is on a post. Lift straight up the post before lateral transfer. Post ends just above location 6; location 7 is not feasible. Clearance height remains to be measured.,Luke: all poses are taught in freedrive and may need consistency adjustments. Preserve raw data; record any later adjusted targets separately.
